,dteday,season,yr,mnth,holiday,weekday,workingday,weathersit,temp,hum,windspeed,registered
0,2018-01-01,winter,0,1,1,Monday,0,2,-0.48627370395875125,0.855581878146651,-0.20890882308794095,654
1,2018-01-02,winter,0,1,0,Tuesday,1,2,-0.4256900795138502,0.33272231572101857,0.6875500863711644,670
2,2018-01-03,winter,0,1,0,Wednesday,1,1,-0.9499701176001843,-0.900337429414364,0.6852095422964299,1229
3,2018-01-04,winter,0,1,0,Thursday,1,1,-0.9385630408832013,-0.17063232580936002,-0.21043526487581127,1454
4,2018-01-05,winter,0,1,0,Friday,1,1,-0.853991927830475,-0.9018429386969482,0.060294450620880104,1518
5,2018-01-06,winter,0,1,0,Saturday,0,1,-0.9249222351721335,-0.5144887402436686,-0.9302115902724953,1518
6,2018-01-07,winter,0,1,0,Sunday,0,2,-0.9494744305481263,-0.607701680477094,-0.12464923639749573,1362
7,2018-01-08,winter,0,1,0,Monday,1,2,-1.0483671346935444,-0.4307709898842639,0.8734198147408484,891
8,2018-01-09,winter,0,1,0,Tuesday,1,1,-1.1320284423975566,-0.9151352516666011,1.8416520170656192,768
9,2018-01-10,winter,0,1,0,Wednesday,1,1,-1.0928126946081482,-0.682877094938797,0.4303751739507619,1280
10,2018-01-11,winter,0,1,0,Thursday,1,2,-1.035532604757027,0.2863993196622606,-0.5988027608243804,1220
11,2018-01-12,winter,0,1,0,Friday,1,1,-1.0241255280400439,-0.12722982718802056,1.2583171996916585,1137
12,2018-01-13,winter,0,1,0,Saturday,0,1,-1.0483671346935444,-0.7424304684587467,1.221407837260953,1368
13,2018-01-14,winter,0,1,0,Sunday,0,1,-1.061324017763165,-0.421275800010243,-0.5538643145894762,1367
14,2018-01-15,winter,0,1,1,Monday,0,2,-0.8339887591980535,-0.6074444099034877,-0.23417652281648874,1026
15,2018-01-16,winter,0,1,0,Tuesday,1,1,-0.8392154340634258,-0.6789084581274275,0.0758946856929156,953
16,2018-01-17,winter,0,1,0,Wednesday,1,2,-1.0143811990293317,-0.42282895199164344,0.13271902531603696,883
17,2018-01-18,winter,0,1,0,Thursday,1,2,-0.8862743314107158,1.1215901227156817,-0.34802872763444764,674
18,2018-01-19,winter,0,1,0,Friday,1,2,-0.6493892539439277,0.5502207643556386,0.2782398090930136,1572
19,2018-01-20,winter,0,1,0,Saturday,0,2,-0.745097639368846,-0.4188603151802739,0.1519216630074464,1844
20,2018-01-21,winter,0,1,0,Sunday,0,1,-1.0091513869041362,-0.8059572430599474,1.7530369831404506,1468
21,2018-01-22,winter,0,1,0,Monday,1,1,-1.3805075772667876,-1.077916060711091,-0.09163738866515202,888
22,2018-01-23,winter,0,1,0,Tuesday,1,1,-1.2632013540413396,-0.9039153960954425,0.6678182821932935,836
23,2018-01-24,winter,0,1,0,Wednesday,1,1,-1.260473192899126,-0.640846706043357,-0.2304418285754991,1330
24,2018-01-25,winter,0,1,0,Thursday,1,2,-0.8649064547552231,-0.04427436000967136,-0.5208117617427894,1799
25,2018-01-26,winter,0,1,0,Friday,1,3,-0.8836609939780297,1.1255587595270509,1.1486474453724647,472
26,2018-01-27,winter,0,1,0,Saturday,0,1,-0.9542493399989646,0.2918115302477539,-0.6832149916936125,416
27,2018-01-28,winter,0,1,0,Sunday,0,2,-0.9276516512182763,0.7946468663610385,-0.5869168674361628,1129
28,2018-01-29,winter,0,1,0,Monday,1,1,-0.9494744305481263,0.12143647501200015,-0.36237728044042944,975
29,2018-01-30,winter,0,1,0,Tuesday,1,1,-0.886729234085073,0.4570078241222129,-1.0887844689636224,956
30,2018-01-31,winter,0,1,0,Wednesday,1,2,-0.9986948999135685,-0.1071960723359096,0.06326592396793458,1459
31,2018-02-01,winter,0,2,0,Thursday,1,2,-0.963115236259194,0.9686475309766874,-1.3001417046793073,1313
32,2018-02-02,winter,0,2,0,Friday,1,2,-0.7503274514940415,0.7106718454280282,0.8480198233906848,1454
33,2018-02-03,winter,0,2,0,Saturday,0,1,-0.9794823207565814,-0.8977027881698413,0.9848297126982145,1489
34,2018-02-04,winter,0,2,0,Sunday,0,2,-0.9030994558422836,-0.19549228605152782,-0.5407267389352051,1620
35,2018-02-05,winter,0,2,0,Monday,1,2,-0.8339887591980535,1.4431783397234104,-0.20246723874312772,905
36,2018-02-06,winter,0,2,0,Tuesday,1,1,-0.6692826184825387,-0.27593221873239443,-0.3986557135988154,1269
37,2018-02-07,winter,0,2,0,Wednesday,1,1,-0.7137250411373194,0.5339936611389222,-1.3795645061579207,1592
38,2018-02-08,winter,0,2,0,Thursday,1,1,-0.8732045069874619,-0.42084225145101795,1.8416520170656192,1466
39,2018-02-09,winter,0,2,0,Friday,1,2,-1.1431657147697487,-0.6263442685237791,0.0800262547987513,1552
40,2018-02-10,winter,0,2,0,Saturday,0,1,-1.1131578245612932,-0.8997752455683355,0.41682037087447305,1491
41,2018-02-11,winter,0,2,0,Sunday,0,1,-0.9727874082939736,-0.5711692590250158,-0.7370169765767508,1597
42,2018-02-12,winter,0,2,0,Monday,1,1,-0.8679746948622663,-0.3910655646910431,0.22786723009329096,1184
43,2018-02-13,winter,0,2,0,Tuesday,1,1,-0.5730032517698066,-0.804489847936416,0.8131660692343115,1192
44,2018-02-14,winter,0,2,0,Wednesday,1,1,-0.2640521789053785,-1.193054170939621,2.411096214169959,1705
45,2018-02-15,winter,0,2,0,Thursday,1,1,-0.7312309509505113,-1.4859853046095501,1.1234509795940175,1675
46,2018-02-16,winter,0,2,0,Friday,1,1,-0.5675475569373442,-0.9660605324309806,0.7206433443321946,1897
47,2018-02-17,winter,0,2,0,Saturday,0,1,-0.19869364500963907,-0.5776677231435129,0.4999503906418943,2216
48,2018-02-18,winter,0,2,0,Sunday,0,1,0.07058991465084659,-0.5220829864349326,0.8542985872781251,2348
49,2018-02-19,winter,0,2,1,Monday,0,1,-0.3137244136853548,-2.088336710009612,3.3224328429215073,1103
50,2018-02-20,winter,0,2,0,Tuesday,1,1,-0.6712151705336008,-1.0406308846177208,0.43004953303601634,1173
51,2018-02-21,winter,0,2,0,Wednesday,1,2,-0.6143805715773671,-0.10124073498391463,1.2910746404593574,912
52,2018-02-22,winter,0,2,0,Thursday,1,1,-0.9943372460192094,-0.2309336897007205,0.14967270543998412,1376
53,2018-02-23,winter,0,2,0,Friday,1,1,-0.8703621495876855,-0.9681329898294749,-0.8839319105199824,1778
54,2018-02-24,winter,0,2,0,Saturday,0,2,-0.6384778642790027,0.3389349236466195,0.7074650635635803,1707
55,2018-02-25,winter,0,2,0,Sunday,0,2,-0.4229606634677072,0.4093651253062531,1.6848253877798156,1341
56,2018-02-26,winter,0,2,0,Monday,1,1,-0.6797391054731066,-0.42084225145101795,0.056946454966151056,1545
57,2018-02-27,winter,0,2,0,Tuesday,1,1,-0.48843527597690334,0.25607950613578406,-0.5670934767510194,1708
58,2018-02-28,winter,0,2,0,Wednesday,1,2,-0.2882937855588792,1.1916105971654973,1.1062734213411825,1365
59,2018-03-01,winter,0,3,0,Thursday,1,1,-0.7294113402530827,-0.4347396266956334,0.36074907586670085,1714
60,2018-03-02,winter,0,3,0,Friday,1,1,-0.5150329647575917,-0.8416892671719174,1.2909423488377418,1903
61,2018-03-03,winter,0,3,0,Saturday,0,1,-0.9437928530083968,-1.4669996891313901,0.45568357879365295,1562
62,2018-03-04,winter,0,3,0,Sunday,0,2,-0.745097639368846,-0.07543268503530924,0.22765352824298904,1730
63,2018-03-05,winter,0,3,0,Monday,1,2,-0.3607833110326446,0.776180556299973,0.7214574466190588,1437
64,2018-03-06,winter,0,3,0,Tuesday,1,2,-0.38476766238064675,1.5341473088426036,1.651732129818786,491
65,2018-03-07,winter,0,3,0,Wednesday,1,1,-0.744871756661579,-0.35706297054609243,1.632041030755258,1628
66,2018-03-08,winter,0,3,0,Thursday,1,1,-0.64836650724158,-0.9786620262678019,-0.6138840056885396,1817
67,2018-03-09,winter,0,3,0,Friday,1,2,-0.6379100202510121,0.7106718454280282,0.3986557135988154,1700
68,2018-03-10,winter,0,3,0,Saturday,0,3,-0.34533544366344093,-2.983624013349484,0.8232812901485991,577
69,2018-03-11,winter,0,3,0,Sunday,0,2,-0.5730032517698066,0.11107895228941059,0.5291156050688044,1730
70,2018-03-12,winter,0,3,0,Monday,1,1,-0.5333326013060412,-0.15087013434049992,0.4050158877149422,1408
71,2018-03-13,winter,0,3,0,Tuesday,1,1,-0.36021546700465407,-0.47099095622469717,0.9120896733668981,1435
72,2018-03-14,winter,0,3,0,Wednesday,1,1,-0.5457247776074942,-0.6159867458011893,-0.4482548954260172,1687
73,2018-03-15,winter,0,3,0,Thursday,1,2,-0.5702769729834869,0.14007906305868528,0.0339277128050658,1767
74,2018-03-16,winter,0,3,0,Friday,1,2,-0.4202343846813877,0.7159363636471912,0.2253231604468403,1871
75,2018-03-17,winter,0,3,0,Saturday,0,1,-0.2640521789053785,-0.11116470914727912,0.29108227266829656,2320
76,2018-03-18,winter,0,3,0,Sunday,0,1,0.12810529898870446,-0.4813484789472868,0.509241332990732,2355
77,2018-03-19,winter,0,3,0,Monday,1,1,-0.0836597390741005,-1.1771700951543802,1.9049179410335537,1693
78,2018-03-20,winter,0,3,0,Tuesday,1,1,-0.5228761143154733,-0.7265511569433873,0.27217474705587524,1424
79,2018-03-21,spring,0,3,0,Wednesday,1,2,-0.21562857353501716,0.5295057189104587,1.097084241778203,1676
80,2018-03-22,spring,0,3,0,Thursday,1,1,-0.1803908712013666,-0.007942037892620442,0.4556428736793097,2243
81,2018-03-23,spring,0,3,0,Friday,1,2,-0.4775207490521553,1.0162902297926473,0.5422531807230754,1918
82,2018-03-24,spring,0,3,0,Saturday,0,2,-0.6718959559152248,0.855581878146651,0.6391924105314309,1699
83,2018-03-25,spring,0,3,0,Sunday,0,1,-0.7372544898109643,-0.6253104219594727,0.5062698596436775,1910
84,2018-03-26,spring,0,3,0,Monday,1,1,-0.732027814945592,-1.1057060469304405,0.2910008624396101,1515
85,2018-03-27,spring,0,3,0,Tuesday,1,2,-0.7721533680837146,-0.6304891833207674,0.03383612629779359,1221
86,2018-03-28,spring,0,3,0,Wednesday,1,1,-0.7366866457829737,-1.5439855261480997,0.3177950039560282,1806
87,2018-03-29,spring,0,3,0,Thursday,1,1,-0.6169939090100532,-1.486847637458119,0.4683225167972197,2108
88,2018-03-30,spring,0,3,0,Friday,1,2,-0.6248370585679348,0.09727209817254545,-0.08229556492338533,1368
89,2018-03-31,spring,0,3,0,Saturday,0,3,-0.7241846653877103,1.391562239826199,0.3731743120199657,1506
90,2018-04-01,spring,0,4,0,Sunday,0,2,-0.6248370585679348,0.2858561928957589,0.7910326633101906,1920
91,2018-04-02,spring,0,4,0,Monday,1,2,-0.577778161220645,0.1310174217438895,0.16456060101101316,1354
92,2018-04-03,spring,0,4,0,Tuesday,1,1,-0.3790860848409172,-0.6967744701834124,0.012598232889223536,1598
93,2018-04-04,spring,0,4,0,Wednesday,1,1,0.23267958067385214,-0.9528539763191964,2.0820258935408615,2381
94,2018-04-05,spring,0,4,0,Thursday,1,2,-0.2666655163380647,0.07543268503530891,2.107425884891025,1628
95,2018-04-06,spring,0,4,0,Friday,1,1,-0.3398703370515091,-0.7404485321880028,0.8353503565513609,2395
96,2018-04-07,spring,0,4,0,Saturday,0,1,-0.19346383288444363,-0.11116470914727912,-0.18991988724683317,2570
97,2018-04-08,spring,0,4,0,Sunday,0,2,-0.5124196273249055,1.0004966751351563,0.46828181168287647,1299
98,2018-04-09,spring,0,4,0,Monday,1,2,-0.49150351608394666,1.1970228077509906,-0.4873623340312565,1576
99,2018-04-10,spring,0,4,0,Tuesday,1,2,-0.22744976854865645,1.101737410119071,-0.3481101378631341,1707
100,2018-04-11,spring,0,4,0,Wednesday,1,2,0.3027000826667963,0.4321478638800451,1.460285800784082,2493
101,2018-04-12,spring,0,4,0,Thursday,1,2,0.010458055620479448,0.5379670622201738,0.9555932643212043,1777
102,2018-04-13,spring,0,4,0,Friday,1,2,-0.27189532846326014,0.9191086527478524,0.7086963932724623,1953
103,2018-04-14,spring,0,4,0,Saturday,0,1,-0.09934603818986369,-0.408931576747028,-0.7151379776172753,2738
104,2018-04-15,spring,0,4,0,Sunday,0,1,-0.16470457208560316,0.2143921446718192,0.4620030477954365,2484
105,2018-04-16,spring,0,4,1,Monday,0,3,-0.21437994412540254,1.2486341433783195,1.6265051352045814,674
106,2018-04-17,spring,0,4,0,Tuesday,1,1,-0.1333319738540765,-0.6987611707240379,1.246807828611116,2186
107,2018-04-18,spring,0,4,0,Wednesday,1,1,0.04183065385200609,-0.3990076025836635,-0.17714865762165094,2760
108,2018-04-19,spring,0,4,0,Thursday,1,2,0.020914542611047474,0.1885840947232135,-0.23409511258780227,2795
109,2018-04-20,spring,0,4,0,Friday,1,1,0.30065458926210087,-0.057566672979324315,0.6202441798046661,3331
110,2018-04-21,spring,0,4,0,Saturday,0,1,-0.1254888242961949,-1.0441707371397466,1.4682640031953516,3444
111,2018-04-22,spring,0,4,0,Sunday,0,2,-0.5098031526323962,0.49230629967495737,0.3922548343683457,1506
112,2018-04-23,spring,0,4,0,Monday,1,2,-0.12287548686350874,1.246652207107576,0.5062698596436775,2574
113,2018-04-24,spring,0,4,0,Tuesday,1,2,0.2588255040400065,0.879403227554631,0.11397432016098859,2481
114,2018-04-25,spring,0,4,0,Wednesday,1,1,0.33725699961882294,0.7166271827800231,0.04434822207692752,3300
115,2018-04-26,spring,0,4,0,Thursday,1,1,0.41568849519763973,0.490324363404214,1.480902941198918,3722
116,2018-04-27,spring,0,4,0,Friday,1,2,0.37908608484091766,0.9965280383237871,1.3353821574219416,3325
117,2018-04-28,spring,0,4,0,Saturday,0,2,0.37124293528303576,0.35533354057907285,1.4239971913471101,3489
118,2018-04-29,spring,0,4,0,Sunday,0,1,0.033987504294124504,-0.8059572430599474,0.6012959490779018,3717
119,2018-04-30,spring,0,4,0,Monday,1,1,-0.0836597390741005,-0.5856097610361333,0.5505366714919189,3347
120,2018-05-01,spring,0,5,0,Tuesday,1,2,-0.14901827296983997,0.6471450708268268,-0.7593640843511732,2213
121,2018-05-02,spring,0,5,0,Wednesday,1,2,0.15686455978754493,0.49429300021558314,0.025226994614204565,3554
122,2018-05-03,spring,0,5,0,Thursday,1,2,0.3686295978503496,0.3374675285230879,1.6454228370955881,3848
123,2018-05-04,spring,0,5,0,Friday,1,2,-0.2666655163380647,0.5280383237869273,1.5063029325490815,2378
124,2018-05-05,spring,0,5,0,Saturday,0,1,-0.1254888242961949,-0.8674925528506413,1.1643392669517723,3819
125,2018-05-06,spring,0,5,0,Sunday,0,1,-0.06274362783314161,-0.17270478320785435,0.48104286502947297,3714
126,2018-05-07,spring,0,5,0,Monday,1,1,0.06536010252565115,-0.4049629399356585,-0.20886811797359772,3102
127,2018-05-08,spring,0,5,0,Tuesday,1,1,0.09150288863198236,0.025808049948605374,-1.0821200241177802,2932
128,2018-05-09,spring,0,5,0,Wednesday,1,1,0.1045758503150594,-0.17866012055984934,-0.05062698596436781,3698
129,2018-05-10,spring,0,5,0,Thursday,1,1,0.1045758503150594,-0.6531004081788221,-0.6645516967672507,4109
130,2018-05-11,spring,0,5,0,Friday,1,1,0.13594844854658605,0.031763387300600354,-0.6139654159172261,3632
131,2018-05-12,spring,0,5,0,Saturday,0,1,0.11241899987294099,0.5776677231435129,0.0884522134677959,4169
132,2018-05-13,spring,0,5,0,Sunday,0,2,0.04183065385200609,1.12952739633842,-0.012720348232253239,3413
133,2018-05-14,spring,0,5,0,Monday,1,2,0.06797343995833731,1.4114149524228097,-0.46836322191156293,2507
134,2018-05-15,spring,0,5,0,Tuesday,1,2,0.19869364500963935,1.1473934083944048,-0.2848950952881285,2971
135,2018-05-16,spring,0,5,0,Wednesday,1,1,0.24575254235692917,0.7702252189479779,-0.550577376606262,3185
136,2018-05-17,spring,0,5,0,Thursday,1,2,0.1960803075769532,1.008438713027777,0.9807795538210653,3445
137,2018-05-18,spring,0,5,0,Friday,1,2,0.1594778972202311,1.1612907836390207,0.20878670774491123,3319
138,2018-05-19,spring,0,5,0,Saturday,0,2,0.09934603818986396,0.9687332878345556,-0.7404463824601663,3840
139,2018-05-20,spring,0,5,0,Sunday,0,1,0.11764881199813669,0.44466360085899753,-0.5694849022186831,4008
140,2018-05-21,spring,0,5,0,Monday,1,1,0.32418403793574596,0.0019867005406254646,-0.6138840056885396,3547
141,2018-05-22,spring,0,5,0,Tuesday,1,1,0.32941385006094137,0.587591697306877,-0.33548137613815304,3084
142,2018-05-23,spring,0,5,0,Wednesday,1,2,0.41568849519763973,0.8754345907432618,0.5379893199956243,3438
143,2018-05-24,spring,0,5,0,Thursday,1,2,0.504576477767024,0.5459043358429122,0.2657738678254055,3833
144,2018-05-25,spring,0,5,0,Friday,1,1,0.5071898151997101,0.33349889171171876,-0.2721340419415323,4238
145,2018-05-26,spring,0,5,0,Saturday,0,1,0.6562096567994617,0.2441688314317941,0.1899605923611764,3919
146,2018-05-27,spring,0,5,0,Sunday,0,1,0.5725514863552726,0.1310174217438895,0.6075645366867561,3808
147,2018-05-28,spring,0,5,1,Monday,0,1,0.49150351608394693,0.49230629967495737,0.4998282752988646,2757
148,2018-05-29,spring,0,5,0,Tuesday,1,1,0.528105926440669,0.9171219522072266,0.3354406710238098,2433
149,2018-05-30,spring,0,5,0,Wednesday,1,1,0.7346411523782782,0.279900855543764,-0.5062698596436775,2549
150,2018-05-31,spring,0,5,0,Thursday,1,1,0.8653613574295803,0.04962939935658529,-0.7087370983868054,3309
151,2018-06-01,spring,0,6,0,Friday,1,2,0.8313754217653675,0.2421821308911683,0.2657738678254055,3461
152,2018-06-02,spring,0,6,0,Saturday,0,1,0.6771257680404207,-1.5305216994627093,1.132741921942855,4232
153,2018-06-03,spring,0,6,0,Sunday,0,1,0.37908608484091766,-1.2962768421942796,0.7341777948513117,4414
154,2018-06-04,spring,0,6,0,Monday,1,1,0.42614498218820746,-0.809925879871317,-0.5885247194527197,3473
155,2018-06-05,spring,0,6,0,Tuesday,1,2,0.4679740674103019,0.12506208439189453,-0.43028358744349,3221
156,2018-06-06,spring,0,6,0,Wednesday,1,1,0.5620918621048818,-0.12506208439189453,-0.6012043625706296,3875
157,2018-06-07,spring,0,6,0,Thursday,1,1,0.6535963193667756,-0.13498605855525903,0.06953451157678885,4070
158,2018-06-08,spring,0,6,0,Friday,1,1,0.8679746948622664,-0.019852712596610398,-0.4493641097918697,3725
159,2018-06-09,spring,0,6,0,Saturday,0,2,0.969935639114728,-0.27593221873239443,-0.31640085378977334,3352
160,2018-06-10,spring,0,6,0,Sunday,0,1,0.802616160966527,-0.10124073498391463,-0.41133535671672544,3771
161,2018-06-11,spring,0,6,0,Monday,1,1,0.7084983662719473,0.1349860585552587,-0.265855278054092,3237
162,2018-06-12,spring,0,6,0,Tuesday,1,1,0.6065374220194855,0.5796544236841387,-0.17714865762165094,2993
163,2018-06-13,spring,0,6,0,Wednesday,1,1,0.42614498218820746,-0.6272971225000982,1.265674649109194,4157
164,2018-06-14,spring,0,6,0,Thursday,1,1,0.32941385006094137,-0.5677437489801483,0.8986468093550529,4164
165,2018-06-15,spring,0,6,0,Friday,1,1,0.40000219608187626,-0.7364751311067518,-0.13293272716633886,4411
166,2018-06-16,spring,0,6,0,Saturday,0,2,0.4052288709472486,0.2957801670591231,0.25945439882362226,3222
167,2018-06-17,spring,0,6,0,Sunday,0,1,0.47059054210281115,0.5220829864349322,-0.3861490672168641,3981
168,2018-06-18,spring,0,6,0,Monday,1,1,0.6196103837025628,0.21042350786045003,-0.6265229436921064,3312
169,2018-06-19,spring,0,6,0,Tuesday,1,2,0.6274535332604444,0.1925574958044651,-0.8036716013137576,3105
170,2018-06-20,spring,0,6,0,Wednesday,1,2,0.42614498218820746,0.5717123857915178,-0.25949510393796554,3311
171,2018-06-21,summer,0,6,0,Thursday,1,2,0.5699350116627634,0.6868504960200482,-0.10125397192873561,4061
172,2018-06-22,summer,0,6,0,Friday,1,1,0.7346411523782782,0.38709692787967354,-0.08866591531809782,3846
173,2018-06-23,summer,0,6,0,Saturday,0,2,0.7189548532625151,0.36724421528306284,0.5884840143383764,4044
174,2018-06-24,summer,0,6,0,Sunday,0,1,0.7058850288392612,-0.2521108693244145,0.41773623594719517,4022
175,2018-06-25,summer,0,6,0,Monday,1,1,0.6143805715773674,-0.680895158668053,0.2910008624396101,3420
176,2018-06-26,summer,0,6,0,Tuesday,1,1,0.5673216742300773,-0.5379670622201734,-0.8796548206303696,3385
177,2018-06-27,summer,0,6,0,Wednesday,1,2,0.5751648237879591,0.15285207061124362,-0.7468065565762929,3854
178,2018-06-28,summer,0,6,0,Thursday,1,1,0.7686302253023142,0.037718724652595334,-0.37338801387026765,3916
179,2018-06-29,summer,0,6,0,Friday,1,1,0.7189548532625151,-0.6114130467148573,0.8227114185477944,4377
180,2018-06-30,summer,0,6,0,Saturday,0,1,0.6196103837025628,-0.9151352516666011,0.04413452022662561,4488
181,2018-07-01,summer,0,7,0,Sunday,0,1,0.7006552167140655,-1.095782072767076,-0.7974844239335895,4116
182,2018-07-02,summer,0,7,0,Monday,1,1,0.7503274514940417,-0.8655106165798973,-0.6707490504260045,2915
183,2018-07-03,summer,0,7,0,Tuesday,1,2,0.6823555801656161,0.267990180839774,0.48727074752398425,2367
184,2018-07-04,summer,0,7,1,Wednesday,0,2,0.7137281783971428,0.05558473670858027,-1.0124969789172948,2978
185,2018-07-05,summer,0,7,0,Thursday,1,1,0.7764733748601961,-0.1707180826672289,-0.5568154353793588,3634
186,2018-07-06,summer,0,7,0,Friday,1,1,0.6928120671561838,0.5578150105469021,-0.31640085378977334,3845
187,2018-07-07,summer,0,7,0,Saturday,0,1,0.7869298618507639,0.11910674703989955,-0.22158846620585096,3838
188,2018-07-08,summer,0,7,0,Sunday,0,2,0.658826131491971,0.6272971225000985,0.44932340467752646,3348
189,2018-07-09,summer,0,7,0,Monday,1,1,0.7346411523782782,-0.08138802238730422,-0.13293272716633886,3348
190,2018-07-10,summer,0,7,0,Tuesday,1,1,0.7790867122928822,-0.22828951991643462,0.025399991350163242,3138
191,2018-07-11,summer,0,7,0,Wednesday,1,1,0.826145609640172,0.045655998275334356,1.0314879500141194,3363
192,2018-07-12,summer,0,7,0,Thursday,1,1,0.9254932164599476,-0.31960151646710333,0.19618847485568772,3596
193,2018-07-13,summer,0,7,0,Friday,1,1,0.7764733748601961,0.025808049948605374,-0.3545618984865331,3594
194,2018-07-14,summer,0,7,0,Saturday,0,1,0.5699350116627634,-0.7146404822393974,0.6074424213437267,4196
195,2018-07-15,summer,0,7,0,Sunday,0,1,0.515032964757592,-0.16674944585585938,0.018907525612421046,4220
196,2018-07-16,summer,0,7,0,Monday,1,1,0.5882377854710361,-0.19652613261583426,0.2784942160576588,3505
197,2018-07-17,summer,0,7,0,Tuesday,1,1,0.6901987297234977,-0.10520937179528414,0.651872053649341,3296
198,2018-07-18,summer,0,7,0,Wednesday,1,1,0.7764733748601961,0.11910674703989955,0.3544296068649176,3617
199,2018-07-19,summer,0,7,0,Thursday,1,1,0.870591169554776,0.11513811022853038,-0.5126300337598043,3789
200,2018-07-20,summer,0,7,0,Friday,1,1,0.8444452461886217,0.38511022733904776,-0.6834185172653287,3688
201,2018-07-21,summer,0,7,0,Saturday,0,2,0.9908517503556868,0.30967754230373884,0.41769553083285194,3152
202,2018-07-22,summer,0,7,0,Sunday,0,1,1.0954260320408347,-0.21836078148318872,-0.4871893372952978,2825
203,2018-07-23,summer,0,7,0,Monday,1,1,1.098042506733344,-0.6014890725514928,-0.5063105647580207,2298
204,2018-07-24,summer,0,7,0,Tuesday,1,1,1.037910647702977,-0.3593069416603241,-0.12012079242681342,2556
205,2018-07-25,summer,0,7,0,Wednesday,1,1,0.7660137506098049,0.6233237214188468,-0.917561458362484,3272
206,2018-07-26,summer,0,7,0,Thursday,1,1,0.8549048704390125,-0.40694964047628396,0.19622917997003095,3840
207,2018-07-27,summer,0,7,0,Friday,1,1,0.8653613574295803,-1.0640186854664755,0.025318581121476773,3901
208,2018-07-28,summer,0,7,0,Saturday,0,1,0.8784343191126576,-0.2044681705084547,-0.025399991350163242,3784
209,2018-07-29,summer,0,7,0,Sunday,0,1,1.0640534338093082,-0.3990076025836635,-0.06957521669113209,3176
210,2018-07-30,summer,0,7,0,Monday,1,1,0.956865814691474,-0.7642698815959826,-0.1265725530502124,2916
211,2018-07-31,summer,0,7,0,Tuesday,1,1,0.9620924895568463,-0.6928058333720429,-0.16446901450374093,2778
212,2018-08-01,summer,0,8,0,Wednesday,1,1,0.8549048704390125,-0.3593069416603241,-0.24685616593439874,3537
213,2018-08-02,summer,0,8,0,Thursday,1,1,0.8915041435359115,-0.6431764340154577,0.25313492982183877,4044
214,2018-08-03,summer,0,8,0,Friday,1,2,0.7294144775129059,0.14888343379987445,-0.46192163756675003,3107
215,2018-08-04,summer,0,8,0,Saturday,0,2,0.6614394689246572,0.6253104219594727,0.1646013061253564,3777
216,2018-08-05,summer,0,8,0,Sunday,0,1,0.6640528063573433,0.021834648867354447,0.03786593261777133,3843
217,2018-08-06,summer,0,8,0,Monday,1,2,0.6823555801656161,0.6133997472554827,0.4810835701438162,2773
218,2018-08-07,summer,0,8,0,Tuesday,1,1,0.7634004131771187,0.6034757730921185,0.20873582635198226,2487
219,2018-08-08,summer,0,8,0,Wednesday,1,1,0.8339887591980536,-0.16278080904448985,0.11397432016098859,3480
220,2018-08-09,summer,0,8,0,Thursday,1,1,0.8653613574295803,-0.26600348029914855,-0.3038026209005498,3695
221,2018-08-10,summer,0,8,0,Friday,1,1,0.8392185713232494,-0.962777950482561,0.19622917997003095,3896
222,2018-08-11,summer,0,8,0,Saturday,0,1,0.6849689175983023,-0.9647646510231864,-0.16464201123969963,3980
223,2018-08-12,summer,0,8,0,Sunday,0,1,0.6562096567994617,-1.0064520124871512,-0.563297724838515,3854
224,2018-08-13,summer,0,8,0,Monday,1,2,0.5856213107785269,0.49230629967495737,0.31016279501667626,2646
225,2018-08-14,summer,0,8,0,Tuesday,1,2,0.5568651872395095,0.9111666148552316,0.4239234133273632,2482
226,2018-08-15,summer,0,8,0,Wednesday,1,1,0.5228761143154735,0.4089315767470277,0.2847220985521698,3563
227,2018-08-16,summer,0,8,0,Thursday,1,1,0.6326802081258167,-0.22828951991643462,0.563297724838515,4004
228,2018-08-17,summer,0,8,0,Friday,1,1,0.7032685541467516,-0.24218213089116863,-0.37965660147912217,4026
229,2018-08-18,summer,0,8,0,Saturday,0,1,0.6666692810498527,0.1349860585552587,0.5315375593722254,3166
230,2018-08-19,summer,0,8,0,Sunday,0,2,0.5830079733458408,0.4605476766442391,-0.4240149998346354,3356
231,2018-08-20,summer,0,8,0,Monday,1,1,0.6222237211352489,0.22828951991643495,-0.7785667220425826,3277
232,2018-08-21,summer,0,8,0,Tuesday,1,1,0.6640528063573433,0.6848637954794224,0.689737986267112,2624
233,2018-08-22,summer,0,8,0,Wednesday,1,1,0.6039240845867994,-0.7444171689993723,0.9746330815552405,3925
234,2018-08-23,summer,0,8,0,Thursday,1,1,0.4444446187366568,-0.8138945166826865,-0.34815084297747734,4614
235,2018-08-24,summer,0,8,0,Friday,1,1,0.5464055629891187,-0.10124073498391463,0.7340455032296963,4181
236,2018-08-25,summer,0,8,0,Saturday,0,2,0.5803946359131545,0.6928058333720433,0.30384332601489306,3107
237,2018-08-26,summer,0,8,0,Sunday,0,1,0.6300668706931306,0.6431764340154577,-0.9872262263051713,3893
238,2018-08-27,summer,0,8,0,Monday,1,2,0.5673216742300773,1.066005386007101,1.9807312164977828,889
239,2018-08-28,summer,0,8,0,Tuesday,1,1,0.6522127877847654,-0.30722394331471703,1.2586428406064043,2919
240,2018-08-29,summer,0,8,0,Wednesday,1,1,0.4313747943134029,-0.3414409296043392,-0.2152282920897242,3905
241,2018-08-30,summer,0,8,0,Thursday,1,1,0.4392179438712845,-0.3712176163643141,-0.5695357836116121,4429
242,2018-08-31,summer,0,8,0,Friday,1,1,0.4941199907764562,-0.13498605855525903,-0.9936291407913583,4370
243,2018-09-01,summer,0,9,0,Saturday,0,1,0.4888901786512608,0.061540074060575246,-0.39869641871315864,4332
244,2018-09-02,summer,0,9,0,Sunday,0,2,0.4522877682945387,0.4803956249709674,-0.4176955308328522,3852
245,2018-09-03,summer,0,9,1,Monday,0,1,0.5333357385658645,0.4307709898842642,0.04426681184824105,2549
246,2018-09-04,summer,0,9,0,Tuesday,1,1,0.658826131491971,0.5518596731949071,0.259413693709279,2419
247,2018-09-05,summer,0,9,0,Wednesday,1,2,0.5464055629891187,0.7821358936519679,0.32280173302024306,2115
248,2018-09-06,summer,0,9,0,Thursday,1,3,0.12810529898870446,1.2420785080212438,1.658407768571072,2506
249,2018-09-07,summer,0,9,0,Friday,1,3,0.3137275509451782,1.3856069024742041,-0.8543413276481857,1878
250,2018-09-08,summer,0,9,1,Saturday,0,3,0.42273478076044047,1.4927172179522454,0.11980532779065356,1689
251,2018-09-09,summer,0,9,0,Sunday,0,2,0.4732038795354973,1.294294905923536,-0.5759366628420821,3127
252,2018-09-10,summer,0,9,0,Monday,1,1,0.504576477767024,0.6074444099034877,-0.2784942160576588,3595
253,2018-09-11,summer,0,9,0,Tuesday,1,1,0.48366036652606537,0.41687361463964845,-0.6708304606546908,3413
254,2018-09-12,summer,0,9,0,Wednesday,1,1,0.45547208701503866,0.31407972767433345,-0.9368485591661557,4023
255,2018-09-13,summer,0,9,0,Thursday,1,1,0.47581721696818347,0.41091827728765346,-0.3986150084844722,4062
256,2018-09-14,summer,0,9,0,Friday,1,1,0.5464055629891187,0.3374675285230879,-0.13916060966085017,4138
257,2018-09-15,summer,0,9,0,Saturday,0,2,0.24575254235692917,0.39503896577229436,0.9176052163604033,3231
258,2018-09-16,summer,0,9,0,Sunday,0,2,-0.09411622606466825,-0.1707180826672289,-0.17088007001279668,4018
259,2018-09-17,summer,0,9,0,Monday,1,2,-0.02352788004373336,0.43870826350700254,0.08853362369648238,3077
260,2018-09-18,summer,0,9,0,Tuesday,1,1,0.02614435473624291,0.32754355435972377,-0.025359286235820008,2921
261,2018-09-19,summer,0,9,0,Wednesday,1,2,0.15686455978754493,0.30372220495174385,-0.2974831518987663,3848
262,2018-09-20,summer,0,9,0,Thursday,1,2,0.1960803075769532,1.2148888198069754,-0.4683225167972197,3203
263,2018-09-21,summer,0,9,0,Friday,1,2,0.30065458926210087,1.3042188800869001,-0.8606160210241915,3813
264,2018-09-22,summer,0,9,0,Saturday,0,2,0.4052288709472486,1.3141428542502642,-0.5378163232596657,4240
265,2018-09-23,autumn,0,9,0,Sunday,0,2,0.34510014917670484,1.6496284465026088,-1.0441706460156053,2137
266,2018-09-24,autumn,0,9,0,Monday,1,2,0.33725699961882294,1.1255587595270509,-1.044001719791081,3647
267,2018-09-25,autumn,0,9,0,Tuesday,1,2,0.4235316447555213,1.042184036599121,-1.3289792429357548,3466
268,2018-09-26,autumn,0,9,0,Wednesday,1,2,0.47059054210281115,1.0580633481144803,-0.7151379776172753,3946
269,2018-09-27,autumn,0,9,0,Thursday,1,2,0.4313747943134029,1.2347415324035862,-0.6391110003027444,3643
270,2018-09-28,autumn,0,9,0,Friday,1,2,0.42614498218820746,1.060050048655106,-0.32916190713636984,3427
271,2018-09-29,autumn,0,9,0,Saturday,0,1,0.3686295978503496,0.3473962669563345,-0.0823464463163143,4186
272,2018-09-30,autumn,0,9,0,Sunday,0,1,0.20392345713483478,0.10124073498391463,0.25949510393796527,4372
273,2018-10-01,autumn,0,10,0,Monday,1,2,-0.279738478021142,0.6074444099034877,1.1328335084501273,1949
274,2018-10-02,autumn,0,10,0,Tuesday,1,2,-0.44705795616934285,0.7880912310039628,0.4176141206041657,2302
275,2018-10-03,autumn,0,10,0,Wednesday,1,2,-0.3607833110326446,0.6411897334748318,-0.9935019373090358,3240
276,2018-10-04,autumn,0,10,0,Thursday,1,1,-0.047057328717378145,0.3990076025836635,0.253175634936182,3970
277,2018-10-05,autumn,0,10,0,Friday,1,1,0.12287548686350902,0.10322743552454043,-0.03790663773211457,4267
278,2018-10-06,autumn,0,10,0,Saturday,0,1,-0.015684730485851766,-0.025808049948605374,-0.4683225167972197,4126
279,2018-10-07,autumn,0,10,0,Sunday,0,1,0.03660084172681066,0.27593221873239476,-1.6137878398559038,4036
280,2018-10-08,autumn,0,10,0,Monday,1,1,0.07058991465084659,0.3573202411196987,-1.3796062289001223,3174
281,2018-10-09,autumn,0,10,0,Tuesday,1,1,0.13071863642139062,0.4823823255115932,-1.1959671407964465,3114
282,2018-10-10,autumn,0,10,0,Wednesday,1,1,0.22483643111597054,0.5121590122715681,-1.4111526925161104,3603
283,2018-10-11,autumn,0,10,0,Thursday,1,2,0.21176660669271638,0.8694792533912667,-0.38601677559524866,3896
284,2018-10-12,autumn,0,10,0,Friday,1,3,0.1385617859792722,1.333995566846875,0.6835915140012871,2199
285,2018-10-13,autumn,0,10,0,Saturday,0,2,0.2823549527136515,1.288339568571541,-0.3987880052204309,2623
286,2018-10-14,autumn,0,10,0,Sunday,0,2,0.16209123465291725,0.4287842893436384,0.4366437615596165,3115
287,2018-10-15,autumn,0,10,0,Monday,1,1,0.023531017303556747,-0.680895158668053,0.7846724891940644,3318
288,2018-10-16,autumn,0,10,0,Tuesday,1,1,0.039217316419319935,-0.6650110828828121,1.025178657290922,3293
289,2018-10-17,autumn,0,10,0,Wednesday,1,1,0.10980566244025483,-0.22233418256443965,-0.056946454966151056,3857
290,2018-10-18,autumn,0,10,0,Thursday,1,2,0.1045758503150594,0.35930694166032445,-0.7213760363903722,4111
291,2018-10-19,autumn,0,10,0,Friday,1,3,0.1335609938211669,1.2814313772432264,0.6346334377249908,2170
292,2018-10-20,autumn,0,10,0,Saturday,0,1,-0.07320325208353247,0.047642698815959825,2.455536022754159,3724
293,2018-10-21,autumn,0,10,0,Sunday,0,1,-0.2248364311159703,-0.2481374682431636,0.41133535671672544,3628
294,2018-10-22,autumn,0,10,0,Monday,1,1,-0.24052273023173348,0.01389737524461542,-0.8986498622386286,2809
295,2018-10-23,autumn,0,10,0,Tuesday,1,1,-0.24313606766441964,0.547891036383538,-0.8289850942959414,2762
296,2018-10-24,autumn,0,10,0,Wednesday,1,1,-0.11241899987294099,0.6947877696427867,-0.6327915313009609,3488
297,2018-10-25,autumn,0,10,0,Thursday,1,1,-0.08627307650678666,-0.01587931151535947,-0.14569378051293536,3992
298,2018-10-26,autumn,0,10,0,Friday,1,2,-0.047057328717378145,0.44863700194024914,-0.32902961551475435,3490
299,2018-10-27,autumn,0,10,0,Saturday,0,2,-0.0915028886319821,0.8893319659878776,0.17083936489845344,2419
300,2018-10-28,autumn,0,10,0,Sunday,0,2,-0.5281059264406689,-0.19255749580446477,0.4935902165257675,3291
301,2018-10-29,autumn,0,10,0,Monday,1,3,-0.7686270880424909,1.2208441571589705,1.7339971659064137,570
302,2018-10-30,autumn,0,10,0,Tuesday,1,1,-0.5647051995375678,-0.011910674703989956,-0.04434822207692752,2446
303,2018-10-31,autumn,0,10,0,Wednesday,1,1,-0.4993466656418284,0.36724421528306284,-0.7594047894655164,3307
304,2018-11-01,autumn,0,11,0,Thursday,1,1,-0.3084977388199825,0.273945518191769,-0.4620437529097797,3658
305,2018-11-02,autumn,0,11,0,Friday,1,1,-0.38169942227360354,0.44069496404762837,-1.0062640082834906,3816
306,2018-11-03,autumn,0,11,0,Saturday,0,1,-0.2849682901463374,0.36128887793106784,-0.4493641097918697,3656
307,2018-11-04,autumn,0,11,0,Sunday,0,2,-0.3006545892621006,-0.017866012055984933,0.9240468007052159,3576
308,2018-11-05,autumn,0,11,0,Monday,1,1,-0.5411757508639228,-0.5101723117309427,0.08229556492338533,2770
309,2018-11-06,autumn,0,11,0,Tuesday,1,1,-0.4732038795354972,0.5161276490829373,-0.9048828328724327,2697
310,2018-11-07,autumn,0,11,0,Wednesday,1,1,-0.32679737536843184,0.6312657593114677,-1.2593144749930674,3662
311,2018-11-08,autumn,0,11,0,Thursday,1,1,-0.2849682901463374,0.45459233929224413,-1.1391071841982745,3829
312,2018-11-09,autumn,0,11,0,Friday,1,1,-0.31111107625266865,0.6292790587708419,-1.20873022939876,3804
313,2018-11-10,autumn,0,11,0,Saturday,0,2,-0.3738562727157218,0.8913139022586208,0.0823464463163143,2743
314,2018-11-11,autumn,0,11,0,Sunday,0,1,-0.5490189004218046,-0.8575685786872768,1.3605684469218027,2928
315,2018-11-12,autumn,0,11,1,Monday,0,1,-0.44705795616934285,-0.34937820322707824,0.31634997239684437,2792
316,2018-11-13,autumn,0,11,0,Tuesday,1,1,-0.18300734589387588,-0.8000019057079525,1.025219362405265,2713
317,2018-11-14,autumn,0,11,0,Wednesday,1,1,0.0967327007571778,-0.18660215845246977,1.2783542922271038,3891
318,2018-11-15,autumn,0,11,0,Thursday,1,2,0.0967327007571778,0.2977668675997489,0.18986900585390418,3746
319,2018-11-16,autumn,0,11,0,Friday,1,3,-0.1333319738540765,1.4471469765347795,-0.44924199444884,1672
320,2018-11-17,autumn,0,11,0,Saturday,0,2,-0.4941168535166328,-0.24020019462042458,1.2657967644522239,2914
321,2018-11-18,autumn,0,11,0,Sunday,0,1,-0.7058818915794376,-1.0302733618951312,-0.12661325816455563,3147
322,2018-11-19,autumn,0,11,0,Monday,1,1,-0.5333326013060412,-0.5915650983881283,0.4428818203327135,2720
323,2018-11-20,autumn,0,11,0,Tuesday,1,2,-0.11241899987294099,0.27791415500313815,0.05062698596436781,2733
324,2018-11-21,autumn,0,11,0,Wednesday,1,3,-0.162091234652917,1.35186157890286,-0.4367760531812319,2545
325,2018-11-22,autumn,0,11,1,Thursday,0,3,-0.2588223667801831,1.601985747686649,-0.6327915313009609,1538
326,2018-11-23,autumn,0,11,0,Friday,1,2,-0.18300734589387588,0.6272971225000985,1.5757967390115268,2454
327,2018-11-24,autumn,0,11,0,Saturday,0,1,-0.3947723839566806,-0.36724421528306317,-0.13911990454650694,935
328,2018-11-25,autumn,0,11,0,Sunday,0,1,-0.3895425718314851,0.08337472292792969,-0.8352608052998058,1697
329,2018-11-26,autumn,0,11,0,Monday,1,1,-0.38692923439879895,0.26402154402840483,-1.145382895202139,1819
330,2018-11-27,autumn,0,11,0,Tuesday,1,1,-0.1254888242961949,0.3434228658750829,0.2847220985521698,2261
331,2018-11-28,autumn,0,11,0,Wednesday,1,1,0.013526295727522784,0.5564333722812395,-0.3953789518941871,3614
332,2018-11-29,autumn,0,11,0,Thursday,1,2,-0.12810529898870418,0.9746886251865505,0.7847640757013363,2818
333,2018-11-30,autumn,0,11,0,Friday,1,1,-0.5464055629891184,-0.061540074060575246,0.9177273317034327,3425
334,2018-12-01,autumn,0,12,0,Saturday,0,1,-0.5856213107785266,-0.48436902605221865,0.39873712382750187,3545
335,2018-12-02,autumn,0,12,0,Sunday,0,1,-0.5803914986533312,-0.0019867005406254646,-0.8163512444316676,3672
336,2018-12-03,autumn,0,12,0,Monday,1,1,-0.627450396000621,-0.0635220103313193,-0.8669344723981164,2908
337,2018-12-04,autumn,0,12,0,Tuesday,1,1,-0.5281059264406689,0.7126537816987716,-0.9872689666752317,2851
338,2018-12-05,autumn,0,12,0,Wednesday,1,2,-0.3555566361672723,0.9568226131305656,-1.2086030259164375,3578
339,2018-12-06,autumn,0,12,0,Thursday,1,3,-0.11503233730562715,1.5404456736260734,0.5251773852560988,2468
340,2018-12-07,autumn,0,12,0,Friday,1,3,-0.279738478021142,1.6397044723392447,0.8670189355103787,655
341,2018-12-08,autumn,0,12,0,Saturday,0,1,-0.732027814945592,-0.22034748202381418,0.6012450676849729,3172
342,2018-12-09,autumn,0,12,0,Sunday,0,1,-0.6535963193667753,0.331512191171093,-0.9999038341673641,3359
343,2018-12-10,autumn,0,12,0,Monday,1,1,-0.7032685541467515,-0.5657570484395229,0.5316698509938408,2688
344,2018-12-11,autumn,0,12,0,Tuesday,1,1,-0.8732045069874619,-0.6491317713674526,-1.1645051402927207,2366
345,2018-12-12,autumn,0,12,0,Wednesday,1,1,-0.8183024600822901,0.2124054441311934,-1.1959671407964465,3167
346,2018-12-13,autumn,0,12,0,Thursday,1,1,-0.6797391054731066,-0.17270478320785435,-0.4113760618310687,3368
347,2018-12-14,autumn,0,12,0,Friday,1,2,-0.5699350116627633,0.17866012055984934,-1.2213233741486909,3562
348,2018-12-15,autumn,0,12,0,Saturday,0,2,-0.24052273023173348,0.037718724652595334,0.8860180476300719,3528
349,2018-12-16,autumn,0,12,0,Sunday,0,2,-0.3895425718314851,-0.5995023720108673,0.8100317754298844,3399
350,2018-12-17,autumn,0,12,0,Monday,1,2,-0.7555572636192369,-0.31166424284436434,0.6328831178082331,2464
351,2018-12-18,autumn,0,12,0,Tuesday,1,1,-0.8183024600822901,-0.1905707952638393,-0.11393361504664562,2211
352,2018-12-19,autumn,0,12,0,Wednesday,1,1,-0.698038742021556,0.0535980361679548,-0.08221415469469885,3143
353,2018-12-20,autumn,0,12,0,Thursday,1,2,-0.3555566361672723,-0.14689673325924898,-1.2150904035148864,3534
354,2018-12-21,winter,0,12,0,Friday,1,2,-0.22222309368328413,1.10570604693044,0.4113760618310687,2553
355,2018-12-22,winter,0,12,0,Saturday,0,2,-0.2379093927990473,0.6253104219594727,-1.360568446921803,2841
356,2018-12-23,winter,0,12,0,Sunday,0,1,-0.3947723839566806,0.2858561928957589,0.949151679976391,2046
357,2018-12-24,winter,0,12,0,Monday,1,1,-0.6169939090100532,-0.3990076025836635,0.09493450292695209,856
358,2018-12-25,winter,0,12,1,Tuesday,0,1,-0.7039493395283757,0.262292114061385,-0.2634027949149136,451
359,2018-12-26,winter,0,12,0,Wednesday,1,1,-0.556636167272419,-0.5683440469852294,0.595210534483592,887
360,2018-12-27,winter,0,12,0,Thursday,1,2,-0.5464055629891184,0.6491317713674526,0.07606768242887428,1059
361,2018-12-28,winter,0,12,0,Friday,1,1,-0.6275664746140778,-0.5828464845048076,1.1497770122954887,2047
362,2018-12-29,winter,0,12,0,Saturday,0,1,-0.7869298618507635,-0.2481374682431636,-0.6264822385777634,2169
363,2018-12-30,winter,0,12,0,Sunday,0,1,-0.5882346482112127,0.04962939935658529,-0.47460128068466,2508
364,2018-12-31,winter,0,12,0,Monday,1,1,-0.279738478021142,-0.04962939935658529,0.39869641871315864,1820
365,2019-01-01,winter,1,1,1,Tuesday,0,1,-0.40522887094724847,0.31563287965573383,0.11389290993230239,1608
366,2019-01-02,winter,1,1,0,Wednesday,1,1,-0.7094081716206613,-1.1669888504174093,1.513110862922983,1707
367,2019-01-03,winter,1,1,0,Thursday,1,1,-1.0954260320408344,-0.8813899280952567,1.8795179496833903,2147
368,2019-01-04,winter,1,1,0,Friday,1,2,-1.2287595745248228,-1.0084387130277768,0.03790663773211457,2273
369,2019-01-05,winter,1,1,0,Saturday,0,1,-0.732027814945592,-0.4863509623229627,-0.5188680925329011,3132
370,2019-01-06,winter,1,1,0,Sunday,0,1,-0.5176463021902779,-0.40099430312428896,-0.13297343228068212,3791
371,2019-01-07,winter,1,1,0,Monday,1,1,-0.33202718749362725,-0.45061893821099286,-0.06326592396793458,3451
372,2019-01-08,winter,1,1,0,Tuesday,1,1,-0.50718981519971,-0.7682385184073521,0.10753273581617563,2826
373,2019-01-09,winter,1,1,0,Wednesday,1,2,-0.8627448827370708,0.35930694166032445,-0.8352180649297456,2270
374,2019-01-10,winter,1,1,0,Thursday,1,1,-0.5975554471457994,0.09658127903971345,0.06692938425882348,3425
375,2019-01-11,winter,1,1,0,Friday,1,2,-0.7058818915794376,1.0540947113031112,-0.5063105647580207,2085
376,2019-01-12,winter,1,1,0,Saturday,0,2,-0.3660131231578402,0.8416892671719177,-8.141022868646821e-05,3828
377,2019-01-13,winter,1,1,0,Sunday,0,1,-0.7058818915794376,-0.5657570484395229,2.0060803264550167,3040
378,2019-01-14,winter,1,1,0,Monday,1,1,-1.0013082373462547,-0.803970542519322,0.06317433746066237,2160
379,2019-01-15,winter,1,1,0,Tuesday,1,1,-1.0431373225683491,-0.9865992998905408,0.7152193878459614,2027
380,2019-01-16,winter,1,1,0,Wednesday,1,1,-0.969935639114728,-0.49429300021558314,0.5127114439884904,2081
381,2019-01-17,winter,1,1,0,Thursday,1,2,-0.3956821893053949,0.4280077133529382,1.7111921255956302,2808
382,2019-01-18,winter,1,1,0,Friday,1,1,-0.6143805715773671,-0.8714659539318922,2.385869219555754,3267
383,2019-01-19,winter,1,1,0,Saturday,0,1,-0.969935639114728,-0.6133997472554827,0.39873712382750187,3162
384,2019-01-20,winter,1,1,0,Sunday,0,2,-0.8836609939780297,-0.8397025666312918,0.22158846620585096,3048
385,2019-01-21,winter,1,1,1,Monday,0,2,-1.0222243485872133,0.9766753257271764,0.4240149998346354,1234
386,2019-01-22,winter,1,1,0,Tuesday,1,2,-1.0562102842514263,0.809925879871317,0.18991988724683317,1781
387,2019-01-23,winter,1,1,0,Wednesday,1,2,-0.8810476565453434,1.357816916254855,-0.7150565673885888,2287
388,2019-01-24,winter,1,1,0,Thursday,1,1,-0.49150351608394666,0.9985099745945305,-0.5821645453365931,3900
389,2019-01-25,winter,1,1,0,Friday,1,1,-0.6431366951163844,0.08337472292792969,-0.20254864897181418,3803
390,2019-01-26,winter,1,1,0,Saturday,0,2,-0.4941168535166328,0.6828770949387967,-1.0947559092377712,3831
391,2019-01-27,winter,1,1,0,Sunday,0,2,-0.2326795806738519,0.547891036383538,1.6454228370955881,3187
392,2019-01-28,winter,1,1,0,Monday,1,1,-0.5751648237879587,-0.395038965772294,0.3038026209005498,3248
393,2019-01-29,winter,1,1,0,Tuesday,1,1,-0.6797391054731066,-1.5007450127027344,0.6011636574562864,2685
394,2019-01-30,winter,1,1,0,Wednesday,1,1,-0.721568190695201,-1.0739474238997215,0.3543074915218879,3498
395,2019-01-31,winter,1,1,0,Thursday,1,1,-0.34248367448419514,-0.9985099745945308,0.8226707134334509,4185
396,2019-02-01,winter,1,2,0,Friday,1,1,-0.09411622606466825,-0.5637703478988975,0.0823464463163143,4275
397,2019-02-02,winter,1,2,0,Saturday,0,2,-0.3137244136853548,0.22233418256443999,0.0632150425750056,3571
398,2019-02-03,winter,1,2,0,Sunday,0,1,-0.5830079733458404,-0.4744402876189728,-0.025226994614204565,3841
399,2019-02-04,winter,1,2,0,Monday,1,2,-0.7372544898109643,0.7305197937547565,-0.6012043625706296,2448
400,2019-02-05,winter,1,2,0,Tuesday,1,2,-0.732027814945592,0.29379823078837974,-0.05066769107871104,2629
401,2019-02-06,winter,1,2,0,Wednesday,1,1,-0.679397144152383,-0.019419164037385327,-0.2765403705691846,3578
402,2019-02-07,winter,1,2,0,Thursday,1,1,-0.4549011057272246,-0.6193550846074777,-0.34188225536862304,4176
403,2019-02-08,winter,1,2,0,Friday,1,2,-0.7607839384846093,0.4605476766442391,-0.4808698682935143,2693
404,2019-02-09,winter,1,2,0,Saturday,0,1,-0.7346411523782781,-0.30570890549236934,0.13292255088775312,3667
405,2019-02-10,winter,1,2,0,Sunday,0,2,-0.684968917598302,-0.41091827728765346,-0.6517499383063111,3604
406,2019-02-11,winter,1,2,0,Monday,1,3,-0.8627448827370708,0.5002483375675781,1.107392811985621,1977
407,2019-02-12,winter,1,2,0,Tuesday,1,1,-1.1660143780617696,-0.7702252189479776,2.32260329558782,1456
408,2019-02-13,winter,1,2,0,Wednesday,1,1,-0.8679746948622663,-1.0243180245431363,-0.13933360639680886,3328
409,2019-02-14,winter,1,2,0,Thursday,1,2,-0.5647051995375678,-0.559801711087528,-0.40497518260059895,3787
410,2019-02-15,winter,1,2,0,Friday,1,1,-0.4732038795354972,-0.4526056387516183,0.006360174116126484,4028
411,2019-02-16,winter,1,2,0,Saturday,0,2,-0.5725483490954495,0.6034757730921185,-0.9112857473586197,2931
412,2019-02-17,winter,1,2,0,Sunday,0,1,-0.4888901786512605,0.03970066092333938,0.25309422470749554,3805
413,2019-02-18,winter,1,2,1,Monday,0,1,-0.4784305544008695,-0.43672632723625887,0.10129467704307858,2883
414,2019-02-19,winter,1,2,0,Tuesday,1,2,-0.6875822550309881,-0.5260563875161836,0.7340862083440398,2071
415,2019-02-20,winter,1,2,0,Wednesday,1,1,-0.6875822550309881,-0.5642038964581225,0.4895604102057898,2627
416,2019-02-21,winter,1,2,0,Thursday,1,1,-0.6630300596549955,-0.1519897377626749,0.2517814847699271,3614
417,2019-02-22,winter,1,2,0,Friday,1,1,-0.3241840379357457,-0.2779141550031385,0.544390199226094,4379
418,2019-02-23,winter,1,2,0,Saturday,0,1,-0.1411751234119581,-0.3414409296043392,0.1011318565857059,4546
419,2019-02-24,winter,1,2,0,Sunday,0,2,-0.28758162757902356,0.530025024327553,0.5758959577277386,3241
420,2019-02-25,winter,1,2,0,Monday,1,1,-0.6535963193667753,-1.0977687733077013,2.449094438409346,2415
421,2019-02-26,winter,1,2,0,Tuesday,1,1,-0.6901955924636743,-1.0302733618951312,0.2468154608200555,2874
422,2019-02-27,winter,1,2,0,Wednesday,1,1,-0.41568535793781636,-0.6451631345560831,0.8859264611227994,4069
423,2019-02-28,winter,1,2,0,Thursday,1,1,-0.43921480661146123,-1.0977687733077013,0.12661325816455563,4134
424,2019-03-01,winter,1,3,0,Friday,1,1,-0.04183065385200582,-0.051611335627329336,0.4682309302899475,4665
425,2019-03-02,winter,1,3,0,Saturday,0,2,-0.45751758041973384,0.14689673325924865,-0.3670685448684844,2948
426,2019-03-03,winter,1,3,0,Sunday,0,2,-0.2666655163380647,-0.023821349407979912,-0.20246723874312772,3110
427,2019-03-04,winter,1,3,0,Monday,1,1,-0.5437922255564323,-1.0620367491957314,1.563035685664931,2713
428,2019-03-05,winter,1,3,0,Tuesday,1,1,-0.8026161609665269,-0.5717123857915178,0.48727074752398425,3130
429,2019-03-06,winter,1,3,0,Wednesday,1,1,-0.7555572636192369,-0.8079391793306915,0.20250794385747095,3735
430,2019-03-07,winter,1,3,0,Thursday,1,1,-0.29803811456959134,-0.5379670622201734,1.677091416054606,4484
431,2019-03-08,winter,1,3,0,Friday,1,1,0.0888895511992962,-0.279900855543764,2.6518160841171183,4896
432,2019-03-09,winter,1,3,0,Saturday,0,2,-0.27712514058845583,-1.0441707371397466,2.3794683403252845,4122
433,2019-03-10,winter,1,3,0,Sunday,0,1,-0.6640528063573432,-1.3141428542502647,0.4556428736793097,3150
434,2019-03-11,winter,1,3,0,Monday,1,1,-0.4311457743463126,-0.7112721434331088,0.4234553045124162,3253
435,2019-03-12,winter,1,3,0,Tuesday,1,1,-0.10195937562254985,-0.6531004081788221,0.27209333682718906,4460
436,2019-03-13,winter,1,3,0,Wednesday,1,1,0.20653679456752094,-0.041687361463964845,0.5696171938402985,5085
437,2019-03-14,winter,1,3,0,Thursday,1,1,0.23006624324116598,-0.5677437489801483,-0.6707490504260045,5315
438,2019-03-15,winter,1,3,0,Friday,1,1,0.18300734589387616,-0.22233418256443965,-0.31640085378977334,5187
439,2019-03-16,winter,1,3,0,Saturday,0,2,-0.19869364500963907,1.0282866613545054,-0.6897786913814552,3830
440,2019-03-17,winter,1,3,0,Sunday,0,2,0.04706046597720153,0.6173683840668519,-0.715097272502932,4681
441,2019-03-18,winter,1,3,0,Monday,1,2,-0.0836597390741005,0.8754345907432618,-0.5504552612632324,3685
442,2019-03-19,winter,1,3,0,Tuesday,1,1,0.14379159810446765,0.4883376628635882,-0.18986900585390418,5171
443,2019-03-20,winter,1,3,0,Wednesday,1,1,0.1934638328844439,0.8655106165798976,-0.6075645366867564,5042
444,2019-03-21,spring,1,3,0,Thursday,1,2,0.10196251288237324,0.9290326269112166,-0.9302818065947372,5108
445,2019-03-22,spring,1,3,0,Friday,1,1,0.17255085890330812,0.9766753257271764,-0.645308353961498,5537
446,2019-03-23,spring,1,3,0,Saturday,0,2,0.3215707005030598,0.3235749175483546,-0.658150817536781,5893
447,2019-03-24,spring,1,3,0,Sunday,0,2,0.010458055620479448,1.2347415324035862,0.12016149754115665,2339
448,2019-03-25,spring,1,3,0,Monday,1,2,-0.19346383288444363,1.2129021192663496,0.4050158877149422,3464
449,2019-03-26,spring,1,3,0,Tuesday,1,1,-0.1673210467781124,-0.7066984443467769,2.094746241773115,4763
450,2019-03-27,spring,1,3,0,Wednesday,1,1,-0.5516353751143138,-1.601985747686649,0.06326592396793458,4571
451,2019-03-28,spring,1,3,0,Thursday,1,1,-0.047057328717378145,-0.6908191328314174,1.1264733343340008,5024
452,2019-03-29,spring,1,3,0,Friday,1,1,-0.015684730485851766,-0.8913139022586212,1.4111954328861707,5299
453,2019-03-30,spring,1,3,0,Saturday,0,2,-0.40522887094724847,-0.21637884521244466,-0.4366437615596165,4663
454,2019-03-31,spring,1,3,0,Sunday,0,2,-0.23529291810653805,0.5339936611389222,0.7086963932724623,3934
455,2019-04-01,spring,1,4,0,Monday,1,2,-0.23006624324116573,0.2382134940797991,-0.08861503392516884,3694
456,2019-04-02,spring,1,4,0,Tuesday,1,1,-0.20471718387009222,-0.5807740271063133,1.3347614044282075,4728
457,2019-04-03,spring,1,4,0,Wednesday,1,1,-0.10195937562254985,-1.0937953722264504,-0.822670713433451,5424
458,2019-04-04,spring,1,4,0,Thursday,1,1,0.1333351111138999,-0.7464038695399977,0.0,5378
459,2019-04-05,spring,1,4,0,Friday,1,1,-0.20130698244232523,-1.20099144456236,0.3923362445970322,5265
460,2019-04-06,spring,1,4,0,Saturday,0,1,-0.3006545892621006,-1.187098833587626,1.2151799547664417,4653
461,2019-04-07,spring,1,4,0,Sunday,0,1,-0.19346383288444363,-1.772703830353878,0.9555118540925178,3605
462,2019-04-08,spring,1,4,0,Monday,1,1,0.0026149060625978533,-1.6694811590992193,0.5253096768777142,2939
463,2019-04-09,spring,1,4,0,Tuesday,1,1,-0.031371029601614954,-1.4709683259427595,1.8034502672545163,4680
464,2019-04-10,spring,1,4,0,Wednesday,1,1,-0.16470457208560316,-0.9111666148552316,0.6960574552688953,5099
465,2019-04-11,spring,1,4,0,Thursday,1,1,-0.4720650542196928,-0.7464896263978665,1.1631384660786472,4380
466,2019-04-12,spring,1,4,0,Friday,1,1,-0.3189542258105502,-0.7622831810553572,1.1138343963304336,4746
467,2019-04-13,spring,1,4,0,Saturday,0,1,-0.17777753376868044,-1.0382153997877517,-0.2595358090523088,5146
468,2019-04-14,spring,1,4,0,Sunday,0,1,-0.013071393053165336,-0.5875916973068773,0.10117256170004915,4665
469,2019-04-15,spring,1,4,0,Monday,1,1,0.33725699961882294,-0.5637703478988975,0.44932340467752646,4286
470,2019-04-16,spring,1,4,1,Tuesday,0,1,0.5176494394501012,-0.3076908417631134,1.0568472362499393,5172
471,2019-04-17,spring,1,4,0,Wednesday,1,1,0.3424836744841953,-1.1235720589864253,0.9428729160889507,5702
472,2019-04-18,spring,1,4,0,Thursday,1,2,-0.11241899987294099,-0.2719588176511435,-0.13293272716633886,4020
473,2019-04-19,spring,1,4,0,Friday,1,1,-0.0026149060625975814,-0.06550871087194475,-1.1707381109265247,5719
474,2019-04-20,spring,1,4,0,Saturday,0,1,0.08627621376661004,0.325556853819098,-0.31652296913280303,5950
475,2019-04-21,spring,1,4,0,Sunday,0,1,0.22222309368328438,0.2699768813803998,1.0442082982463727,4083
476,2019-04-22,spring,1,4,0,Monday,1,3,-0.3215675632432364,0.9965280383237871,1.6645440645583114,907
477,2019-04-23,spring,1,4,0,Tuesday,1,2,-0.5568620499796861,0.6689844839640633,1.246807828611116,3019
478,2019-04-24,spring,1,4,0,Wednesday,1,1,-0.269281991030574,-0.8198498540346815,0.6961388654975817,5115
479,2019-04-25,spring,1,4,0,Thursday,1,1,-0.0705867773910232,-0.9449119384265761,-0.6327915313009609,5541
480,2019-04-26,spring,1,4,0,Friday,1,2,-0.0026149060625975814,0.6213417851481035,-0.04426681184824105,4551
481,2019-04-27,spring,1,4,0,Saturday,0,1,-0.13071863642139034,-1.0739474238997215,1.6959582365526837,5219
482,2019-04-28,spring,1,4,0,Sunday,0,2,-0.3843127597062897,-0.651118471908078,-0.5189902078759308,3100
483,2019-04-29,spring,1,4,0,Monday,1,1,-0.12810529898870418,-0.18660215845246977,-0.6519636401566129,4075
484,2019-04-30,spring,1,4,0,Tuesday,1,2,-0.10980252518043145,-0.267990180839774,-0.09501591315563856,4907
485,2019-05-01,spring,1,5,0,Wednesday,1,2,0.3581699735999587,0.1588074079632386,-0.253175634936182,5087
486,2019-05-02,spring,1,5,0,Thursday,1,1,0.20392345713483478,0.8138945166826862,-0.4367353480668887,5502
487,2019-05-03,spring,1,5,0,Friday,1,2,0.19085049545175775,0.6769217575868016,-0.48112427525815943,5657
488,2019-05-04,spring,1,5,0,Saturday,0,1,0.4026155335145624,0.5201010501641888,-0.18354953685212094,5227
489,2019-05-05,spring,1,5,0,Sunday,0,2,0.38431589696611307,0.6213417851481035,-0.2847628036665133,4387
490,2019-05-06,spring,1,5,0,Monday,1,2,0.19869364500963935,0.541935699031543,-0.31644155890411657,4224
491,2019-05-07,spring,1,5,0,Tuesday,1,2,0.12026214943082285,0.18064682110047514,0.5062291545293343,5265
492,2019-05-08,spring,1,5,0,Wednesday,1,2,0.2588255040400065,0.28386949235513315,1.1708215564109286,4990
493,2019-05-09,spring,1,5,0,Thursday,1,2,0.23790939279904758,0.5617884116281537,0.3606167842450854,4097
494,2019-05-10,spring,1,5,0,Friday,1,1,0.020914542611047474,-0.3533516043083292,1.354340564427292,5546
495,2019-05-11,spring,1,5,0,Saturday,0,1,0.10718918774774555,-1.2665001554343047,0.5694849022186831,5711
496,2019-05-12,spring,1,5,0,Sunday,0,1,0.20392345713483478,-0.694787769642787,-0.5886163059599918,4807
497,2019-05-13,spring,1,5,0,Monday,1,1,0.35555663616727257,-0.2382134940797991,0.44920128933449677,3946
498,2019-05-14,spring,1,5,0,Tuesday,1,2,0.23267958067385214,0.7781624925707163,0.32276102790589983,2501
499,2019-05-15,spring,1,5,0,Wednesday,1,2,0.3529432987345864,0.8019838419786962,-0.3417499637470076,4490
500,2019-05-16,spring,1,5,0,Thursday,1,1,0.4313747943134029,0.3414409296043395,-0.5949357749617753,6433
501,2019-05-17,spring,1,5,0,Friday,1,1,0.29542477713690546,-0.5062036749195731,0.4935495114114243,6142
502,2019-05-18,spring,1,5,0,Saturday,0,1,0.20392345713483478,-0.49032436340421365,-0.4493641097918697,6118
503,2019-05-19,spring,1,5,0,Sunday,0,1,0.31634088837786434,-0.809925879871317,-0.9870990228228489,4884
504,2019-05-20,spring,1,5,0,Monday,1,1,0.3816994222736038,-0.45657427556298785,0.7468574379692218,4425
505,2019-05-21,spring,1,5,0,Tuesday,1,2,0.31111107625266865,0.8813899280952567,0.5314968542578821,3729
506,2019-05-22,spring,1,5,0,Wednesday,1,2,0.3633997857251542,0.6650110828828117,-0.6391517054170875,5254
507,2019-05-23,spring,1,5,0,Thursday,1,2,0.38431589696611307,0.7066984443467765,-0.8036716013137576,4494
508,2019-05-24,spring,1,5,0,Friday,1,1,0.4888901786512608,0.4307709898842642,-0.08221415469469885,5711
509,2019-05-25,spring,1,5,0,Saturday,0,1,0.5673216742300773,0.575681022602887,-0.4113760618310687,5317
510,2019-05-26,spring,1,5,0,Sunday,0,1,0.6065374220194855,0.5062036749195731,0.18334601128040476,3681
511,2019-05-27,spring,1,5,1,Monday,0,1,0.5986942724616039,0.3374675285230879,0.3479880225201044,3308
512,2019-05-28,spring,1,5,0,Tuesday,1,1,0.6692826184825388,0.2382134940797991,0.15820042689488667,3486
513,2019-05-29,spring,1,5,0,Wednesday,1,1,0.7006552167140655,0.27791415500313815,1.1644206771804582,4863
514,2019-05-30,spring,1,5,0,Thursday,1,2,0.4941199907764562,0.20843680731982422,-0.4746826909133465,6110
515,2019-05-31,spring,1,5,0,Friday,1,1,0.5673216742300773,-0.6352343961228372,0.1455614888913199,6238
516,2019-06-01,spring,1,6,0,Saturday,0,2,0.4862768412185746,0.6153864477961085,0.5758552526133957,3594
517,2019-06-02,spring,1,6,0,Sunday,0,1,0.2640521789053788,-0.36724421528306317,0.05685486845887885,5325
518,2019-06-03,spring,1,6,0,Monday,1,1,0.32418403793574596,-0.6332524598520931,0.031668578959017514,5147
519,2019-06-04,spring,1,6,0,Tuesday,1,1,0.3084977388199825,-0.663029146612068,1.0568879413642829,5927
520,2019-06-05,spring,1,6,0,Wednesday,1,2,0.13071863642139062,-0.061540074060575246,0.29104156755395333,6033
521,2019-06-06,spring,1,6,0,Thursday,1,1,0.17255085890330812,-0.07146404822393973,-1.0568065311355963,6028
522,2019-06-07,spring,1,6,0,Friday,1,1,0.32418403793574596,-0.2818875560843894,-0.24041458158958554,6456
523,2019-06-08,spring,1,6,0,Saturday,0,1,0.47059054210281115,-0.7543411431627367,-0.056905749851808095,6248
524,2019-06-09,spring,1,6,0,Sunday,0,1,0.6640528063573433,-0.9012426406918671,-0.3733473087559244,4790
525,2019-06-10,spring,1,6,0,Monday,1,1,0.7137281783971428,-0.4188603151802739,-0.4808698682935143,4374
526,2019-06-11,spring,1,6,0,Tuesday,1,2,0.69542540458887,-0.18262875737121884,0.27209333682718906,5647
527,2019-06-12,spring,1,6,0,Wednesday,1,2,0.48366036652606537,0.9865992998905405,0.3416278484039779,4495
528,2019-06-13,spring,1,6,0,Thursday,1,1,0.49150351608394693,-0.2104235078604497,1.6516507195900996,6248
529,2019-06-14,spring,1,6,0,Friday,1,1,0.4679740674103019,-0.2699768813803995,0.7404056773458231,6183
530,2019-06-15,spring,1,6,0,Saturday,0,1,0.4392179438712845,-0.17469148374847981,-0.04434822207692752,6102
531,2019-06-16,spring,1,6,0,Sunday,0,1,0.41568849519763973,-0.5816363599548824,-0.14560219400566313,4739
532,2019-06-17,spring,1,6,0,Monday,1,1,0.2928114397042193,-0.1310174217438895,-0.3670685448684844,4344
533,2019-06-18,spring,1,6,0,Tuesday,1,2,0.21699328155808897,0.7225825201320182,-0.06338803931096428,4446
534,2019-06-19,spring,1,6,0,Wednesday,1,1,0.5934644603364084,0.30372220495174385,-0.33538978963088084,5857
535,2019-06-20,spring,1,6,0,Thursday,1,1,0.8888908061032256,-0.16278080904448985,-0.6834693986582577,5339
536,2019-06-21,summer,1,6,0,Friday,1,1,0.9620924895568463,-0.2779141550031385,-0.63284241269389,5127
537,2019-06-22,summer,1,6,0,Saturday,0,1,0.8732045069874621,-0.25012416878378907,0.018999112119693254,4859
538,2019-06-23,summer,1,6,0,Sunday,0,1,0.7294144775129059,-0.43672632723625887,-0.012761053346596472,4801
539,2019-06-24,summer,1,6,0,Monday,1,1,0.7660137506098049,-0.7007431069947819,-0.36074907586670085,4340
540,2019-06-25,summer,1,6,0,Tuesday,1,1,0.6797391054731068,-0.5816363599548824,1.2151290733735127,5640
541,2019-06-26,summer,1,6,0,Wednesday,1,1,0.4130720205051304,-1.204964845643611,1.6960498230599563,6365
542,2019-06-27,summer,1,6,0,Thursday,1,1,0.6222237211352489,-1.2684868559749303,0.924006095590873,6258
543,2019-06-28,summer,1,6,0,Friday,1,1,0.7843165244180776,-0.9707199883751814,-0.09489379781260886,5958
544,2019-06-29,summer,1,6,0,Saturday,0,1,1.0509836093860543,-0.6550871087194475,-0.15832254223791636,4634
545,2019-06-30,summer,1,6,0,Sunday,0,1,0.8339887591980536,-0.11910674703989955,-0.20254864897181418,4232
546,2019-07-01,summer,1,7,0,Monday,1,1,0.9934650877883733,-0.5121590122715681,-0.12665396327889886,4110
547,2019-07-02,summer,1,7,0,Tuesday,1,1,0.8862774686705391,-0.8535999418759073,0.1454393735482902,5323
548,2019-07-03,summer,1,7,0,Wednesday,1,1,0.8836609939780299,-0.639207797204088,-0.5570291372296607,5608
549,2019-07-04,summer,1,7,1,Thursday,0,1,0.909806917344184,-0.41687361463964845,-0.46836322191156293,4841
550,2019-07-05,summer,1,7,0,Friday,1,1,1.0300674981450955,-0.8019838419786965,0.13284114065906666,4836
551,2019-07-06,summer,1,7,0,Saturday,0,1,1.0326808355777812,-0.8357339298199223,-0.3544703119792608,4841
552,2019-07-07,summer,1,7,0,Sunday,0,1,1.1372582545227523,-0.639207797204088,-0.1772809492432664,3392
553,2019-07-08,summer,1,7,0,Monday,1,1,1.0143811990293317,-0.25012416878378907,-0.5632163146098289,3469
554,2019-07-09,summer,1,7,0,Tuesday,1,2,0.6640528063573433,0.27195881765114316,0.0,5571
555,2019-07-10,summer,1,7,0,Wednesday,1,2,0.69542540458887,0.19652613261583426,-0.29753403329169553,5336
556,2019-07-11,summer,1,7,0,Thursday,1,1,0.6823555801656161,0.0337453235713444,-0.2975747384060385,6289
557,2019-07-12,summer,1,7,0,Friday,1,1,0.6797391054731068,-0.46054767664423873,-0.34802872763444764,6414
558,2019-07-13,summer,1,7,0,Saturday,0,2,0.7294144775129059,-0.668984483964063,-1.0188998934034819,5988
559,2019-07-14,summer,1,7,0,Sunday,0,2,0.6405233576836983,0.3473962669563345,-0.3795344861360925,4614
560,2019-07-15,summer,1,7,0,Monday,1,1,0.7738569001676868,0.4367263272362592,-0.14560219400566313,4111
561,2019-07-16,summer,1,7,0,Tuesday,1,1,0.8287589470728582,0.08933006027992467,-0.17083936489845344,5742
562,2019-07-17,summer,1,7,0,Wednesday,1,1,1.001308237346255,-0.5736990863321434,-0.6771906347708174,5865
563,2019-07-18,summer,1,7,0,Thursday,1,1,0.9228767417674384,-0.2342448572684296,-0.443003935675743,4914
564,2019-07-19,summer,1,7,0,Friday,1,1,0.8496750583138171,-0.12307538385126907,-0.15820042689488667,5703
565,2019-07-20,summer,1,7,0,Saturday,0,2,0.5228761143154735,1.038215399787752,0.2848543901737853,5123
566,2019-07-21,summer,1,7,0,Sunday,0,3,0.303267926694787,1.1394561347716665,0.3289482052860679,3195
567,2019-07-22,summer,1,7,0,Monday,1,2,0.528105926440669,0.6491317713674526,-0.8858877912641737,4866
568,2019-07-23,summer,1,7,0,Tuesday,1,1,0.7607870757444326,0.3235749175483546,-0.4303751739507622,5831
569,2019-07-24,summer,1,7,0,Wednesday,1,1,0.78954319928345,0.1369727590958845,0.31016279501667626,6452
570,2019-07-25,summer,1,7,0,Thursday,1,1,0.7058850288392612,-0.8397025666312918,-0.1646013061253564,6790
571,2019-07-26,summer,1,7,0,Friday,1,1,0.870591169554776,-0.140941395907254,1.056684415792567,5825
572,2019-07-27,summer,1,7,0,Saturday,0,1,0.8862774686705391,-0.15087013434049992,-0.2847628036665133,5645
573,2019-07-28,summer,1,7,0,Sunday,0,1,0.8052294983992134,-0.061540074060575246,-0.24041458158958554,4451
574,2019-07-29,summer,1,7,0,Monday,1,1,0.6980418792813793,-0.011910674703989956,-0.10765485115920533,4444
575,2019-07-30,summer,1,7,0,Tuesday,1,1,0.7267980028203966,0.20248146996782926,-0.2784026295503866,6065
576,2019-07-31,summer,1,7,0,Wednesday,1,1,0.671895955915225,0.37121761636431444,-0.1582411320092299,6248
577,2019-08-01,summer,1,8,0,Thursday,1,1,0.6849689175983023,0.2441688314317941,-0.40497518260059895,6506
578,2019-08-02,summer,1,8,0,Friday,1,1,0.7947730114086454,0.1588074079632386,-0.5253096768777142,6278
579,2019-08-03,summer,1,8,0,Saturday,0,2,0.8366020966307398,0.07741938557593471,0.3543074915218879,5847
580,2019-08-04,summer,1,8,0,Sunday,0,1,0.9228767417674384,-0.061540074060575246,0.7783123150779376,4479
581,2019-08-05,summer,1,8,0,Monday,1,1,0.847061720881131,0.12506208439189453,1.1137529861017477,3757
582,2019-08-06,summer,1,8,0,Tuesday,1,2,0.7947730114086454,0.1330041222845153,-0.5253096768777142,5780
583,2019-08-07,summer,1,8,0,Wednesday,1,2,0.7424843019361601,0.3692309158236886,-0.6519636401566129,5995
584,2019-08-08,summer,1,8,0,Thursday,1,2,0.7869298618507639,0.22233418256443999,-0.7151379776172753,6271
585,2019-08-09,summer,1,8,0,Friday,1,1,0.8052294983992134,-0.027789986219349423,-0.25313492982183877,6090
586,2019-08-10,summer,1,8,0,Saturday,0,2,0.6797391054731068,0.4267975888030126,0.5885756008456489,4721
587,2019-08-11,summer,1,8,0,Sunday,0,2,0.6065374220194855,0.508190375460199,0.2595358090523085,4052
588,2019-08-12,summer,1,8,0,Monday,1,1,0.6326802081258167,-0.45657427556298785,-0.5949357749617753,4362
589,2019-08-13,summer,1,8,0,Tuesday,1,1,0.69542540458887,-0.3851102273390481,-0.4555207583362803,5676
590,2019-08-14,summer,1,8,0,Wednesday,1,1,0.7137281783971428,0.28784289343638475,-0.12025308404842887,5656
591,2019-08-15,summer,1,8,0,Thursday,1,1,0.6509829819340894,-0.031763387300600354,-0.11401502527533208,6149
592,2019-08-16,summer,1,8,0,Friday,1,1,0.6901987297234977,-0.5101723117309427,-0.39869641871315864,6267
593,2019-08-17,summer,1,8,0,Saturday,0,1,0.7032685541467516,-0.2640215440284045,0.5126707388741475,5665
594,2019-08-18,summer,1,8,0,Sunday,0,1,0.5620918621048818,-0.10918277287653506,-0.03162787384467428,5038
595,2019-08-19,summer,1,8,0,Monday,1,2,0.4287583196208936,0.4069496404762843,-0.9619127333229874,3341
596,2019-08-20,summer,1,8,0,Tuesday,1,2,0.4287583196208936,0.5141457128121939,-0.5189495027615876,5504
597,2019-08-21,summer,1,8,0,Wednesday,1,1,0.47059054210281115,0.22630281937580915,-1.1011160833538978,5925
598,2019-08-22,summer,1,8,0,Thursday,1,1,0.528105926440669,0.2421821308911683,-1.1264295763360819,6281
599,2019-08-23,summer,1,8,0,Friday,1,1,0.6169939090100536,0.045655998275334356,-0.9807815890767825,6402
600,2019-08-24,summer,1,8,0,Saturday,0,2,0.6379100202510122,-0.0535980361679548,-1.1074762574700245,6257
601,2019-08-25,summer,1,8,0,Sunday,0,2,0.5098062898922197,0.4129049778282793,0.6455118795332142,4224
602,2019-08-26,summer,1,8,0,Monday,1,2,0.48366036652606537,1.0461526734104902,0.48727074752398425,3772
603,2019-08-27,summer,1,8,0,Tuesday,1,1,0.6405233576836983,0.496279700756209,-0.5316291458794975,5928
604,2019-08-28,summer,1,8,0,Wednesday,1,1,0.7189548532625151,-0.02977668675997489,0.10125397192873561,6105
605,2019-08-29,summer,1,8,0,Thursday,1,1,0.5830079733458408,-0.3533516043083292,-0.6961897468905108,6520
606,2019-08-30,summer,1,8,0,Friday,1,1,0.6509829819340894,-0.1707180826672289,-1.0568909942478586,6541
607,2019-08-31,summer,1,8,0,Saturday,0,1,0.8313754217653675,-0.1846154579118443,-0.12661325816455563,5917
608,2019-09-01,summer,1,9,0,Sunday,0,2,0.7973863488413315,0.057566672979324315,-0.6898295727743842,3788
609,2019-09-02,summer,1,9,1,Monday,0,2,0.6196103837025628,0.8992559401512417,-1.1896497070503802,3197
610,2019-09-03,summer,1,9,0,Tuesday,1,1,0.6535963193667756,0.7841178299227113,-0.3038026209005498,4069
611,2019-09-04,summer,1,9,0,Wednesday,1,1,0.7111117037046335,0.6133997472554827,0.5632163146098289,5997
612,2019-09-05,summer,1,9,0,Thursday,1,1,0.7451007766286694,0.547891036383538,0.06953451157678885,6280
613,2019-09-06,summer,1,9,0,Friday,1,2,0.6196103837025628,0.8774212912838876,-0.3923362445970322,5592
614,2019-09-07,summer,1,9,0,Saturday,0,1,0.6405233576836983,0.524069686975558,-0.09493450292695209,6459
615,2019-09-08,summer,1,9,0,Sunday,0,2,0.5019631403343378,0.8238232551159328,1.0189405985178248,4419
616,2019-09-09,summer,1,9,0,Monday,1,1,0.347713486609391,-0.3751862531756836,0.4428818203327135,5657
617,2019-09-10,summer,1,9,0,Tuesday,1,1,0.2640521789053788,-0.5836230604955078,0.7910835447031196,6407
618,2019-09-11,summer,1,9,0,Wednesday,1,1,0.24575254235692917,-0.5062036749195731,-0.9048828328724327,6697
619,2019-09-12,summer,1,9,0,Thursday,1,1,0.3137275509451782,-0.2342448572684296,-0.4999503906418943,6820
620,2019-09-13,summer,1,9,0,Friday,1,1,0.35555663616727257,0.051611335627329336,-0.9998621114251623,6750
621,2019-09-14,summer,1,9,1,Saturday,0,1,0.42091517006301205,0.22034748202381418,-0.7847131943084074,6630
622,2019-09-15,summer,1,9,0,Sunday,0,1,0.3424836744841953,-0.5935470346588724,0.6771906347708174,5554
623,2019-09-16,summer,1,9,0,Monday,1,1,0.253595691914811,-0.267990180839774,-0.9239216324786107,5167
624,2019-09-17,summer,1,9,0,Tuesday,1,2,0.25620902934749723,0.5161276490829373,-0.2974831518987663,5847
625,2019-09-18,summer,1,9,0,Wednesday,1,2,0.3895425718314854,1.1732014583430106,1.7972529135957624,3702
626,2019-09-19,summer,1,9,0,Thursday,1,1,0.1673210467781127,-0.42679758880301294,0.34802872763444764,6803
627,2019-09-20,summer,1,9,0,Friday,1,1,0.14902141022966334,-0.037718724652595334,-0.6391517054170875,6781
628,2019-09-21,summer,1,9,0,Saturday,0,1,0.3137275509451782,0.20248146996782926,-0.2721747470558755,6917
629,2019-09-22,summer,1,9,0,Sunday,0,1,0.4732038795354973,0.09727209817254545,1.0441675931320293,5883
630,2019-09-23,autumn,1,9,0,Monday,1,1,0.09411936332449164,-0.7583145442439877,0.4302835874434897,5453
631,2019-09-24,autumn,1,9,0,Tuesday,1,1,0.04706046597720153,-0.6352343961228372,-0.39250924133299087,6435
632,2019-09-25,autumn,1,9,0,Wednesday,1,1,0.1594778972202311,-0.267990180839774,0.5632163146098289,6693
633,2019-09-26,autumn,1,9,0,Thursday,1,1,0.42614498218820746,0.021834648867354447,0.6454304693045277,6946
634,2019-09-27,autumn,1,9,0,Friday,1,2,0.4732038795354973,0.30769084176311307,-0.47455039929173104,6642
635,2019-09-28,autumn,1,9,0,Saturday,0,2,0.3764727474082312,0.30372220495174385,-0.1709207751271399,6370
636,2019-09-29,autumn,1,9,0,Sunday,0,1,0.13594844854658605,-0.397020902043038,0.4745096941773878,5966
637,2019-09-30,autumn,1,9,0,Monday,1,1,0.08627621376661004,-0.2044681705084547,-0.46828181168287675,4874
638,2019-10-01,autumn,1,10,0,Tuesday,1,2,0.06797343995833731,0.10918277287653541,-0.9176031811046859,6015
639,2019-10-02,autumn,1,10,0,Wednesday,1,3,0.28758162757902384,1.1692328215316414,-0.7784853118138961,4324
640,2019-10-03,autumn,1,10,0,Thursday,1,2,0.49673332820914234,0.798015205167327,-1.1644634175505189,6844
641,2019-10-04,autumn,1,10,0,Friday,1,2,0.49673332820914234,0.4605476766442391,-0.6454711744188709,6437
642,2019-10-05,autumn,1,10,0,Saturday,0,1,0.3633997857251542,0.005955337351994978,-0.7594047894655164,6640
643,2019-10-06,autumn,1,10,0,Sunday,0,1,0.17255085890330812,0.18064682110047514,0.8858450508941129,4934
644,2019-10-07,autumn,1,10,0,Monday,1,2,-0.26143884147269236,0.39106556469104276,-0.4051481793365576,2729
645,2019-10-08,autumn,1,10,0,Tuesday,1,2,-0.3633997857251539,0.3970209020430377,0.08857432881082561,4604
646,2019-10-09,autumn,1,10,0,Wednesday,1,2,-0.16470457208560316,0.6451631345560834,0.09489379781260886,5791
647,2019-10-10,autumn,1,10,0,Thursday,1,1,0.04706046597720153,0.021834648867354447,0.06966680319840429,6911
648,2019-10-11,autumn,1,10,0,Friday,1,1,-0.20130698244232523,-0.7761805562999726,0.00631946900178325,6736
649,2019-10-12,autumn,1,10,0,Saturday,0,1,-0.19346383288444363,-0.414886914099023,0.5507096682278773,6222
650,2019-10-13,autumn,1,10,0,Sunday,0,1,-0.33202718749362725,-0.6272971225000982,-0.3544703119792608,4857
651,2019-10-14,autumn,1,10,0,Monday,1,1,0.07058991465084659,0.06749541141257057,0.9935813122820047,4559
652,2019-10-15,autumn,1,10,0,Tuesday,1,2,0.1960803075769532,0.38709692787967354,1.170902966639615,5115
653,2019-10-16,autumn,1,10,0,Wednesday,1,1,-0.09673270075717753,-0.32357491754835427,0.012679643117910004,6612
654,2019-10-17,autumn,1,10,0,Thursday,1,1,-0.13594844854658578,0.3176195801963596,-0.8100724805442273,6482
655,2019-10-18,autumn,1,10,0,Friday,1,2,0.07320325208353275,0.4863509623229624,0.5694849022186831,6501
656,2019-10-19,autumn,1,10,0,Saturday,0,2,0.2013069824423255,0.8992559401512417,-0.4683225167972197,4671
657,2019-10-20,autumn,1,10,0,Sunday,0,1,-0.047057328717378145,-0.25409280559515857,-0.6455627609261432,5284
658,2019-10-21,autumn,1,10,0,Monday,1,1,-0.10980252518043145,-0.5538463737355329,-0.15184025277876018,4692
659,2019-10-22,autumn,1,10,0,Tuesday,1,1,-0.03660084172681039,-0.27593221873239443,-1.012455256175093,6228
660,2019-10-23,autumn,1,10,0,Wednesday,1,1,0.14117826067178146,0.07345074876456553,-0.8795276171480471,6625
661,2019-10-24,autumn,1,10,0,Thursday,1,1,0.27712514058845583,0.047642698815959825,-1.101030602613777,6898
662,2019-10-25,autumn,1,10,0,Friday,1,2,0.1594778972202311,0.8297785924679277,-0.5759773679564251,6484
663,2019-10-26,autumn,1,10,0,Saturday,0,2,0.1464049355371538,0.861537215498646,-0.49363092164011074,6262
664,2019-10-27,autumn,1,10,0,Sunday,0,2,0.0967327007571778,0.44665030139962336,0.5568154353793588,5209
665,2019-10-28,autumn,1,10,0,Monday,1,2,-0.06797343995833705,0.325556853819098,2.208588270312488,3461
666,2019-10-29,autumn,1,10,0,Tuesday,1,3,-0.18562068332656204,1.2089334824549804,1.8034909723688597,20
667,2019-10-30,autumn,1,10,0,Wednesday,1,2,-0.5677954004633732,0.9490663817633278,0.32598690821759946,1009
668,2019-10-31,autumn,1,10,0,Thursday,1,2,-0.4444446187366567,0.1925574958044651,-0.14560219400566313,5147
669,2019-11-01,autumn,1,11,0,Friday,1,2,-0.4183018326303256,-0.21240544413119375,-0.24045528670392877,5520
670,2019-11-02,autumn,1,11,0,Saturday,0,1,-0.45228776829453843,-0.49627970075620864,0.8670189355103787,5229
671,2019-11-03,autumn,1,11,0,Sunday,0,2,-0.4888901786512605,-0.6431764340154577,0.911326452472963,4109
672,2019-11-04,autumn,1,11,0,Monday,1,1,-0.5437922255564323,-0.44466360085899787,-0.018999112119693524,3906
673,2019-11-05,autumn,1,11,0,Tuesday,1,1,-0.5647051995375678,-0.6292790587708422,0.5632570197241719,4881
674,2019-11-06,autumn,1,11,0,Wednesday,1,1,-0.684968917598302,-0.2818875560843894,-0.07593539080725883,5220
675,2019-11-07,autumn,1,11,0,Thursday,1,2,-0.6379100202510121,-0.3751862531756836,1.2530357111056274,4709
676,2019-11-08,autumn,1,11,0,Friday,1,1,-0.46115366455476786,-1.394844821774619,1.698013844827016,4975
677,2019-11-09,autumn,1,11,0,Saturday,0,1,-0.43137165705357955,-0.40694964047628396,0.3417499637470076,5283
678,2019-11-10,autumn,1,11,0,Sunday,0,1,-0.3450970119168813,0.09131676082055047,-1.252997041247001,4446
679,2019-11-11,autumn,1,11,1,Monday,0,1,-0.24575254235692917,0.15682547169249522,-0.5441764973757921,4562
680,2019-11-12,autumn,1,11,0,Tuesday,1,1,-0.04444399128469199,0.5498777369241638,-0.0758946856929156,5172
681,2019-11-13,autumn,1,11,0,Wednesday,1,2,-0.4888901786512605,0.17469148374848015,1.639103368093805,3767
682,2019-11-14,autumn,1,11,0,Thursday,1,1,-0.6588229942321476,-0.3533516043083292,0.18978759562521771,5122
683,2019-11-15,autumn,1,11,0,Friday,1,2,-0.5568620499796861,-0.027789986219349423,-0.28481368505944227,5125
684,2019-11-16,autumn,1,11,0,Saturday,0,1,-0.4836603665260651,-0.48436902605221865,-0.10125397192873561,5214
685,2019-11-17,autumn,1,11,0,Sunday,0,1,-0.5464055629891184,-0.3851102273390481,-0.012679643117910004,4316
686,2019-11-18,autumn,1,11,0,Monday,1,1,-0.49150351608394666,0.3176195801963596,0.47459110440607427,3747
687,2019-11-19,autumn,1,11,0,Tuesday,1,2,-0.37124293528303565,-0.01389737524461542,0.5504552612632324,5050
688,2019-11-20,autumn,1,11,0,Wednesday,1,2,-0.39215590926417127,0.279900855543764,-0.999819371055102,5100
689,2019-11-21,autumn,1,11,0,Thursday,1,1,-0.45751758041973384,-0.05955337351994978,-0.7909919581958476,4531
690,2019-11-22,autumn,1,11,0,Friday,1,1,-0.4993466656418284,-0.21836078148318872,-1.3036240272113688,1470
691,2019-11-23,autumn,1,11,0,Saturday,0,1,-0.4104586830724439,-0.273945518191769,-0.3353490845165376,2307
692,2019-11-24,autumn,1,11,0,Sunday,0,1,-0.6928120671561837,-1.0560814118437365,1.9934922698443793,1745
693,2019-11-25,autumn,1,11,0,Monday,1,1,-0.7947730114086453,-0.7523592068919926,-0.31012208990233303,2115
694,2019-11-26,autumn,1,11,0,Tuesday,1,1,-0.5830079733458404,-0.43275292615500793,-1.3669286210379294,4750
695,2019-11-27,autumn,1,11,0,Wednesday,1,2,-0.6509798446742661,0.764269881595983,0.5758450763348096,3836
696,2019-11-28,autumn,1,11,1,Thursday,0,1,-0.6352935455585027,-0.5717123857915178,0.30372121067186336,5062
697,2019-11-29,autumn,1,11,0,Friday,1,1,-0.6848528389848454,-0.33634792510091327,-0.6660679622765353,5080
698,2019-11-30,autumn,1,11,0,Saturday,0,1,-0.6300668706931304,0.11116470914727877,-1.2466368671308745,5306
699,2019-12-01,autumn,1,12,0,Sunday,0,2,-0.6300668706931304,0.8595552792279026,-1.2340854451231458,4240
700,2019-12-02,autumn,1,12,0,Monday,1,2,-0.47581721696818335,0.9389566010745807,-0.5759366628420821,3757
701,2019-12-03,autumn,1,12,0,Tuesday,1,1,-0.1464049355371538,0.6729531207754325,-0.9998621114251623,5679
702,2019-12-04,autumn,1,12,0,Wednesday,1,1,-0.07320325208353247,0.5121590122715681,-0.06966680319840429,6055
703,2019-12-05,autumn,1,12,0,Thursday,1,1,-0.19085049545175747,-0.6729531207754325,1.4556759465847136,5398
704,2019-12-06,autumn,1,12,0,Friday,1,1,-0.7634004131771186,-0.559801711087528,-0.06330662908227781,5035
705,2019-12-07,autumn,1,12,0,Saturday,0,2,-0.5594785246721954,0.6570738092600734,-0.5126300337598043,4659
706,2019-12-08,autumn,1,12,0,Sunday,0,2,-0.36862646059052634,1.357816916254855,-0.809991070315541,4429
707,2019-12-09,autumn,1,12,0,Monday,1,2,-0.3607833110326446,1.3300269300355059,-0.23405440747345904,2787
708,2019-12-10,autumn,1,12,0,Tuesday,1,2,-0.19869364500963907,1.4233256271267998,0.09497520804129533,4841
709,2019-12-11,autumn,1,12,0,Wednesday,1,2,-0.45751758041973384,-0.140941395907254,1.170902966639615,5219
710,2019-12-12,autumn,1,12,0,Thursday,1,2,-0.6326802081258166,-0.4188603151802739,-0.18355971313070668,5009
711,2019-12-13,autumn,1,12,0,Friday,1,1,-0.6379100202510121,-0.668984483964063,-0.06966680319840429,5107
712,2019-12-14,autumn,1,12,0,Saturday,0,1,-0.6823524429057927,0.07940608611656051,-0.5062291545293343,5182
713,2019-12-15,autumn,1,12,0,Sunday,0,1,-0.5490189004218046,0.11513811022853038,-0.7594047894655164,4280
714,2019-12-16,autumn,1,12,0,Monday,1,2,-0.4287583196208934,1.0124073498391462,-0.8164733597746971,3248
715,2019-12-17,autumn,1,12,0,Tuesday,1,2,-0.33202718749362725,1.3379642036582442,-0.841748182898255,4373
716,2019-12-18,autumn,1,12,0,Wednesday,1,1,-0.27712514058845583,0.1905707952638393,0.4114167669454119,5124
717,2019-12-19,autumn,1,12,0,Thursday,1,1,-0.5228761143154733,-0.0039686368113695135,0.03171946035194649,4934
718,2019-12-20,autumn,1,12,0,Friday,1,2,-0.530719263873355,0.19851283315646007,-0.493671626754454,3814
719,2019-12-21,winter,1,12,0,Saturday,0,2,-0.5411757508639228,-0.3315121911710933,1.9681736887229022,3402
720,2019-12-22,winter,1,12,0,Sunday,0,1,-0.732027814945592,-0.8813899280952567,2.3036143597467125,1544
721,2019-12-23,winter,1,12,0,Monday,1,1,-0.7947730114086453,-0.5280383237869276,-0.4873623340312565,1379
722,2019-12-24,winter,1,12,0,Tuesday,1,2,-0.8403542593792304,0.786361801036943,-1.055733951372653,746
723,2019-12-25,winter,1,12,1,Wednesday,0,2,-0.6521186699900704,0.5170805030592569,-0.12464923639749573,573
724,2019-12-26,winter,1,12,0,Thursday,1,3,-0.8026161609665269,0.9389566010745807,1.3796082641558394,432
725,2019-12-27,winter,1,12,0,Friday,1,2,-0.7686270880424909,0.12704878493252034,1.7213989330171904,1867
726,2019-12-28,winter,1,12,0,Saturday,0,2,-0.7712435627350002,-0.17270478320785435,-0.2595358090523088,2451
727,2019-12-29,winter,1,12,0,Sunday,0,2,-0.7712435627350002,0.6034757730921185,-0.5758959577277388,1182
728,2019-12-30,winter,1,12,0,Monday,1,1,-0.7634004131771186,-0.680895158668053,1.7277184020189735,1432
729,2019-12-31,winter,1,12,0,Tuesday,1,2,-0.8888908061032252,-0.23225815672780414,-0.2658959831684352,2290
