,dteday,season,yr,mnth,holiday,weekday,workingday,weathersit,temp,hum,windspeed,casual,casual_BOX
0,2018-01-01,winter,0,1,1,Monday,0,2,14.110847,80.5833,10.749882,331,16.39782015107092
1,2018-01-02,winter,0,1,0,Tuesday,1,2,14.902598,69.6087,16.652113,131,11.472436698466694
2,2018-01-03,winter,0,1,0,Wednesday,1,1,8.050924,43.7273,16.636703,120,11.076034853721117
3,2018-01-04,winter,0,1,0,Thursday,1,1,8.2,59.0435,10.739832,108,10.613969754365213
4,2018-01-05,winter,0,1,0,Friday,1,1,9.305237,43.6957,12.5223,82,9.475537124796562
5,2018-01-06,winter,0,1,0,Saturday,0,1,8.378268,51.8261,6.0008684,88,9.758173437422366
6,2018-01-07,winter,0,1,0,Sunday,0,2,8.057402,49.8696,11.304642,148,12.042276083494743
7,2018-01-08,winter,0,1,0,Monday,1,2,6.765,53.5833,17.875868,68,8.755721974567901
8,2018-01-09,winter,0,1,0,Tuesday,1,1,5.671653,43.4167,24.25065,54,7.925269345882742
9,2018-01-10,winter,0,1,0,Wednesday,1,1,6.184153,48.2917,14.958889,41,7.008370000202964
10,2018-01-11,winter,0,1,0,Thursday,1,2,6.932731,68.6364,8.182844,43,7.161347981641865
11,2018-01-12,winter,0,1,0,Friday,1,1,7.081807,59.9545,20.410009,25,5.546984704734687
12,2018-01-13,winter,0,1,0,Saturday,0,1,6.765,47.0417,20.167,38,6.7689696416534595
13,2018-01-14,winter,0,1,0,Sunday,0,1,6.59567,53.7826,8.478716,54,7.925269345882742
14,2018-01-15,winter,0,1,1,Monday,0,2,9.566653,49.875,10.583521,222,14.099671681576467
15,2018-01-16,winter,0,1,0,Tuesday,1,1,9.498347,48.375,12.625011,251,14.775794586930813
16,2018-01-17,winter,0,1,0,Wednesday,1,2,7.209153,53.75,12.999139,117,10.963610724399118
17,2018-01-18,winter,0,1,0,Thursday,1,2,8.883347,86.1667,9.833925,9,3.157336502299259
18,2018-01-19,winter,0,1,0,Friday,1,2,11.979134,74.1739,13.957239,78,9.27911373862353
19,2018-01-20,winter,0,1,0,Saturday,0,2,10.728347,53.8333,13.125568,83,9.523609126904327
20,2018-01-21,winter,0,1,0,Sunday,0,1,7.2775,45.7083,23.667214,75,9.127200042226876
21,2018-01-22,winter,0,1,0,Monday,1,1,2.4243464,40.0,11.52199,93,9.983741675926243
22,2018-01-23,winter,0,1,0,Tuesday,1,1,3.9573897,43.6522,16.5222,150,12.106300542521547
23,2018-01-24,winter,0,1,0,Wednesday,1,1,3.9930433,49.1739,10.60811,86,9.665476322044512
24,2018-01-25,winter,0,1,0,Thursday,1,2,9.162598,61.6957,8.696332,186,13.169792352153566
25,2018-01-26,winter,0,1,0,Friday,1,3,8.9175,86.25,19.68795,34,6.428627270494731
26,2018-01-27,winter,0,1,0,Saturday,0,1,7.995,68.75,7.627079,15,4.257082757297649
27,2018-01-28,winter,0,1,0,Sunday,0,2,8.342598,79.3043,8.2611,38,6.7689696416534595
28,2018-01-29,winter,0,1,0,Monday,1,1,8.057402,65.1739,9.739455,123,11.18654214701248
29,2018-01-30,winter,0,1,0,Tuesday,1,1,8.877402,72.2174,4.9568342,140,11.78005804240976
30,2018-01-31,winter,0,1,0,Wednesday,1,2,7.414153,60.375,12.541864,42,7.085485343182041
31,2018-02-01,winter,0,2,0,Thursday,1,2,7.879134,82.9565,3.565271,47,7.453204291142461
32,2018-02-02,winter,0,2,0,Friday,1,2,10.66,77.5417,17.708636,72,8.971047417268762
33,2018-02-03,winter,0,2,0,Saturday,0,1,7.665237,43.7826,18.609384,61,8.356921871079736
34,2018-02-04,winter,0,2,0,Sunday,0,2,8.663464,58.5217,8.565213,88,9.758173437422366
35,2018-02-05,winter,0,2,0,Monday,1,2,9.566653,92.9167,10.792293,100,10.285930098515184
36,2018-02-06,winter,0,2,0,Tuesday,1,1,11.719153,56.8333,9.5006,354,16.813269083628796
37,2018-02-07,winter,0,2,0,Wednesday,1,1,11.138347,73.8333,3.0423561,120,11.076034853721117
38,2018-02-08,winter,0,2,0,Thursday,1,1,9.054153,53.7917,24.25065,64,8.531499219198887
39,2018-02-09,winter,0,2,0,Friday,1,2,5.526103,49.4783,12.652213,53,7.860514959708835
40,2018-02-10,winter,0,2,0,Saturday,0,1,5.918268,43.7391,14.869645,47,7.453204291142461
41,2018-02-11,winter,0,2,0,Sunday,0,1,7.752731,50.6364,7.27285,149,12.074362198101104
42,2018-02-12,winter,0,2,0,Monday,1,1,9.1225,54.4167,13.625589,288,15.56446083223579
43,2018-02-13,winter,0,2,0,Tuesday,1,1,12.977402,45.7391,17.479161,397,17.542663929866496
44,2018-02-14,winter,0,2,0,Wednesday,1,1,17.015,37.5833,27.999836,208,13.75133613553182
45,2018-02-15,winter,0,2,0,Thursday,1,1,10.909567,31.4348,19.522058,140,11.78005804240976
46,2018-02-16,winter,0,2,0,Friday,1,1,13.048701,42.3478,16.869997,218,14.001727063387264
47,2018-02-17,winter,0,2,0,Saturday,0,1,17.869153,50.5,15.416968,259,14.952774983724149
48,2018-02-18,winter,0,2,0,Sunday,0,1,21.388347,51.6667,17.749975,579,20.136700271347188
49,2018-02-19,winter,0,2,1,Monday,0,1,16.365847,18.7917,34.000021,532,19.527875813336856
50,2018-02-20,winter,0,2,0,Tuesday,1,1,11.693897,40.7826,14.956745,639,20.866382160464436
51,2018-02-21,winter,0,2,0,Wednesday,1,2,12.436653,60.5,20.625682,195,13.413129686804043
52,2018-02-22,winter,0,2,0,Thursday,1,1,7.471102,57.7778,13.110761,74,9.075634422036053
53,2018-02-23,winter,0,2,0,Friday,1,1,9.091299,42.3043,6.305571,139,11.746562099967337
54,2018-02-24,winter,0,2,0,Saturday,0,2,12.121732,69.7391,16.783232,100,10.285930098515184
55,2018-02-25,winter,0,2,0,Sunday,0,2,14.938268,71.2174,23.218113,120,11.076034853721117
56,2018-02-26,winter,0,2,0,Monday,1,1,11.5825,53.7917,12.500257,424,17.973243623206308
57,2018-02-27,winter,0,2,0,Tuesday,1,1,14.082598,68.0,8.391616,694,21.494924611628708
58,2018-02-28,winter,0,2,0,Wednesday,1,2,16.698193,87.6364,19.408962,81,9.427060202838744
59,2018-03-01,winter,0,3,0,Thursday,1,1,10.933347,53.5,14.500475,137,11.679069715724536
60,2018-03-02,winter,0,3,0,Friday,1,1,13.735,44.9583,20.624811,231,14.315690657359912
61,2018-03-03,winter,0,3,0,Saturday,0,1,8.131653,31.8333,15.125518,123,11.18654214701248
62,2018-03-04,winter,0,3,0,Sunday,0,2,10.728347,61.0417,13.624182,214,13.902538463881976
63,2018-03-05,winter,0,3,0,Monday,1,2,15.750847,78.9167,16.875357,640,20.878136039229112
64,2018-03-06,winter,0,3,0,Tuesday,1,2,15.437402,94.8261,23.000229,114,10.849186050854563
65,2018-03-07,winter,0,3,0,Wednesday,1,1,10.731299,55.1304,22.870584,244,14.617725669338434
66,2018-03-08,winter,0,3,0,Thursday,1,1,11.9925,42.0833,8.08355,316,16.11606027693521
67,2018-03-09,winter,0,3,0,Friday,1,2,12.129153,77.5417,14.75005,191,13.305954590260024
68,2018-03-10,winter,0,3,0,Saturday,0,3,15.952731,0.0,17.545759,46,7.381892995634633
69,2018-03-11,winter,0,3,0,Sunday,0,2,12.977402,64.9565,15.60899,247,14.685846444919225
70,2018-03-12,winter,0,3,0,Monday,1,1,13.495847,59.4583,14.791925,724,21.823415468803315
71,2018-03-13,winter,0,3,0,Tuesday,1,1,15.758268,52.7391,18.130468,982,24.321990640981856
72,2018-03-14,winter,0,3,0,Wednesday,1,1,13.333897,49.6957,9.174042,359,16.9011111232223
73,2018-03-15,winter,0,3,0,Thursday,1,2,13.013031,65.5652,12.348703,289,15.58478185335383
74,2018-03-16,winter,0,3,0,Friday,1,2,14.973897,77.6522,13.608839,321,16.210983104181313
75,2018-03-17,winter,0,3,0,Saturday,0,1,17.015,60.2917,14.041793,424,17.973243623206308
76,2018-03-18,winter,0,3,0,Sunday,0,1,22.14,52.5217,15.478139,884,23.433170234919448
77,2018-03-19,winter,0,3,0,Monday,1,1,19.3725,37.9167,24.667189,1424,27.708343554187053
78,2018-03-20,winter,0,3,0,Tuesday,1,1,13.6325,47.375,13.917307,1047,24.878330892130574
79,2018-03-21,spring,0,3,0,Wednesday,1,2,17.647835,73.7391,19.348461,401,17.607699123024148
80,2018-03-22,spring,0,3,0,Thursday,1,1,18.108347,62.4583,15.12525,460,18.518946950150156
81,2018-03-23,spring,0,3,0,Friday,1,2,14.225237,83.9565,15.695487,203,13.62302568669851
82,2018-03-24,spring,0,3,0,Saturday,0,2,11.685,80.5833,16.333729,166,12.598486559209865
83,2018-03-25,spring,0,3,0,Sunday,0,1,10.830847,49.5,15.458575,300,15.805185520768887
84,2018-03-26,spring,0,3,0,Monday,1,1,10.899153,39.4167,14.041257,981,24.313236396031318
85,2018-03-27,spring,0,3,0,Tuesday,1,2,10.374763,49.3913,12.3481,472,18.69430098058313
86,2018-03-28,spring,0,3,0,Wednesday,1,1,10.838268,30.2174,14.217668,222,14.099671681576467
87,2018-03-29,spring,0,3,0,Thursday,1,1,12.4025,31.4167,15.208732,317,16.13512705387941
88,2018-03-30,spring,0,3,0,Friday,1,2,12.3,64.6667,11.583496,168,12.657680730933635
89,2018-03-31,spring,0,3,0,Saturday,0,3,11.001653,91.8333,14.582282,179,12.974869300592166
90,2018-04-01,spring,0,4,0,Sunday,0,2,12.3,68.625,17.333436,307,15.94256261710444
91,2018-04-02,spring,0,4,0,Monday,1,2,12.915,65.375,13.208782,898,23.564163083803322
92,2018-04-03,spring,0,4,0,Tuesday,1,1,15.511653,48.0,12.208271,1651,29.16929839228544
93,2018-04-04,spring,0,4,0,Wednesday,1,1,23.506653,42.625,25.833257,734,21.93082900637837
94,2018-04-05,spring,0,4,0,Thursday,1,2,16.980847,64.2083,26.000489,167,12.628144592995481
95,2018-04-06,spring,0,4,0,Friday,1,1,16.024153,47.0833,17.625221,413,17.80016603614257
96,2018-04-07,spring,0,4,0,Saturday,0,1,17.9375,60.2917,10.874904,571,20.035534833697966
97,2018-04-08,spring,0,4,0,Sunday,0,2,13.769153,83.625,15.208464,172,12.774630478140502
98,2018-04-09,spring,0,4,0,Monday,1,2,14.0425,87.75,8.916561,879,23.386041372438253
99,2018-04-10,spring,0,4,0,Tuesday,1,2,17.493347,85.75,9.833389,1188,26.008155426024892
100,2018-04-11,spring,0,4,0,Wednesday,1,2,24.421732,71.6956,21.739758,855,23.157219311629966
101,2018-04-12,spring,0,4,0,Thursday,1,2,20.6025,73.9167,18.416893,257,14.908886343035926
102,2018-04-13,spring,0,4,0,Friday,1,2,16.9125,81.9167,16.791339,209,13.776742994638964
103,2018-04-14,spring,0,4,0,Saturday,0,1,19.1675,54.0417,7.4169,529,19.487778018067797
104,2018-04-15,spring,0,4,0,Sunday,0,1,18.313347,67.125,15.167125,642,20.901605955828177
105,2018-04-16,spring,0,4,1,Monday,0,3,17.664153,88.8333,22.834136,121,11.113079627784426
106,2018-04-17,spring,0,4,0,Tuesday,1,1,18.723347,47.9583,20.334232,1558,28.58858128567913
107,2018-04-18,spring,0,4,0,Wednesday,1,1,21.0125,54.25,10.958989,669,21.213637959840895
108,2018-04-19,spring,0,4,0,Thursday,1,2,20.739153,66.5833,10.584057,409,17.736442885382758
109,2018-04-20,spring,0,4,0,Friday,1,1,24.395,61.4167,16.208975,613,20.556237775730427
110,2018-04-21,spring,0,4,0,Saturday,0,1,18.825847,40.7083,21.792286,745,22.04782764273909
111,2018-04-22,spring,0,4,0,Sunday,0,2,13.803347,72.9583,14.707907,177,12.918216096564484
112,2018-04-23,spring,0,4,0,Monday,1,2,18.86,88.7917,15.458575,1462,27.963553673036312
113,2018-04-24,spring,0,4,0,Tuesday,1,2,23.848347,81.0833,12.875725,1710,29.526131634148914
114,2018-04-25,spring,0,4,0,Wednesday,1,1,24.873347,77.6667,12.417311,773,22.340374629654924
115,2018-04-26,spring,0,4,0,Thursday,1,1,25.898347,72.9167,21.8755,678,21.315721154148726
116,2018-04-27,spring,0,4,0,Friday,1,2,25.42,83.5417,20.9174,547,19.72606550290835
117,2018-04-28,spring,0,4,0,Saturday,0,2,25.3175,70.0833,21.500836,569,20.010091317337185
118,2018-04-29,spring,0,4,0,Sunday,0,1,20.91,45.7083,16.084221,878,23.37659348724463
119,2018-04-30,spring,0,4,0,Monday,1,1,19.3725,50.3333,15.750025,1965,30.977756760975808
120,2018-05-01,spring,0,5,0,Tuesday,1,2,18.518347,76.2083,7.125718,1138,25.618621813127508
121,2018-05-02,spring,0,5,0,Wednesday,1,2,22.515847,73.0,12.291418,847,23.07996436975643
122,2018-05-03,spring,0,5,0,Thursday,1,2,25.283347,69.7083,22.958689,603,20.43454220089376
123,2018-05-04,spring,0,5,0,Friday,1,2,16.980847,73.7083,22.042732,255,14.86476215878075
124,2018-05-05,spring,0,5,0,Saturday,0,1,18.825847,44.4167,19.791264,614,20.568332033916427
125,2018-05-06,spring,0,5,0,Sunday,0,1,19.645847,59.0,15.292482,894,23.526880736789884
126,2018-05-07,spring,0,5,0,Monday,1,1,21.32,54.125,10.75015,1612,28.928583447893377
127,2018-05-08,spring,0,5,0,Tuesday,1,1,21.661653,63.1667,5.0007125,1401,27.5515911082642
128,2018-05-09,spring,0,5,0,Wednesday,1,1,21.8325,58.875,11.792,664,21.156516411517668
129,2018-05-10,spring,0,5,0,Thursday,1,1,21.8325,48.9167,7.749957,694,21.494924611628708
130,2018-05-11,spring,0,5,0,Friday,1,1,22.2425,63.2917,8.083014,550,19.76525354547011
131,2018-05-12,spring,0,5,0,Saturday,0,1,21.935,74.75,12.707689,695,21.506030073972326
132,2018-05-13,spring,0,5,0,Sunday,0,2,21.0125,86.3333,12.041575,692,21.47268062563507
133,2018-05-14,spring,0,5,0,Monday,1,2,21.354153,92.25,9.04165,902,23.60133138554311
134,2018-05-15,spring,0,5,0,Tuesday,1,2,23.0625,86.7083,10.249593,1582,28.74067805063033
135,2018-05-16,spring,0,5,0,Wednesday,1,1,23.6775,78.7917,8.500357,773,22.340374629654924
136,2018-05-17,spring,0,5,0,Thursday,1,2,23.028347,83.7917,18.582718,678,21.315721154148726
137,2018-05-18,spring,0,5,0,Friday,1,2,22.55,87.0,13.499964,536,19.581098342670106
138,2018-05-19,spring,0,5,0,Saturday,0,2,21.764153,82.9583,7.250271,735,21.9415148787925
139,2018-05-20,spring,0,5,0,Sunday,0,1,22.003347,71.9583,8.375871,909,23.666104049985695
140,2018-05-21,spring,0,5,0,Monday,1,1,24.7025,62.6667,8.08355,2258,32.493635611282336
141,2018-05-22,spring,0,5,0,Tuesday,1,1,24.770847,74.9583,9.916536,1576,28.702803458400076
142,2018-05-23,spring,0,5,0,Wednesday,1,2,25.898347,81.0,15.667414,836,22.97291503758539
143,2018-05-24,spring,0,5,0,Thursday,1,2,27.06,74.0833,13.875164,659,21.099098252983737
144,2018-05-25,spring,0,5,0,Friday,1,1,27.094153,69.625,10.333611,740,21.99479477611133
145,2018-05-26,spring,0,5,0,Saturday,0,1,29.041653,67.75,13.376014,758,22.18457688355613
146,2018-05-27,spring,0,5,0,Sunday,0,1,27.948347,65.375,16.125493,871,23.31025017876754
147,2018-05-28,spring,0,5,1,Monday,0,1,26.889153,72.9583,15.416164,2001,31.17204917865058
148,2018-05-29,spring,0,5,0,Tuesday,1,1,27.3675,81.875,14.333846,2355,32.96549803081797
149,2018-05-30,spring,0,5,0,Wednesday,1,1,30.066653,68.5,8.792075,1549,28.531129586722557
150,2018-05-31,spring,0,5,0,Thursday,1,1,31.775,63.6667,7.459043,673,21.259124149551536
151,2018-06-01,spring,0,6,0,Friday,1,2,31.330847,67.7083,13.875164,513,19.27123914108854
152,2018-06-02,spring,0,6,0,Saturday,0,1,29.315,30.5,19.583229,736,21.95219075642757
153,2018-06-03,spring,0,6,0,Sunday,0,1,25.42,35.4167,16.959107,898,23.564163083803322
154,2018-06-04,spring,0,6,0,Monday,1,1,26.035,45.625,8.250514,1869,30.447383980762666
155,2018-06-05,spring,0,6,0,Tuesday,1,2,26.581653,65.25,9.292364,1685,29.375981589315845
156,2018-06-06,spring,0,6,0,Wednesday,1,1,27.811653,60.0,8.167032,673,21.259124149551536
157,2018-06-07,spring,0,6,0,Thursday,1,1,29.0075,59.7917,12.583136,763,22.23674320123708
158,2018-06-08,spring,0,6,0,Friday,1,1,31.809153,62.2083,9.166739,676,21.293116913858686
159,2018-06-09,spring,0,6,0,Saturday,0,2,33.141653,56.8333,10.042161,563,19.93338978663585
160,2018-06-10,spring,0,6,0,Sunday,0,1,30.955,60.5,9.417118,815,22.76582715788465
161,2018-06-11,spring,0,6,0,Monday,1,1,29.725,65.4583,10.37495,1729,29.639238949011897
162,2018-06-12,spring,0,6,0,Tuesday,1,1,28.3925,74.7917,10.958989,1467,27.99679300534768
163,2018-06-13,spring,0,6,0,Wednesday,1,1,26.035,49.4583,20.45845,863,23.23397867152947
164,2018-06-14,spring,0,6,0,Thursday,1,1,24.770847,50.7083,18.041961,727,21.855746103559362
165,2018-06-15,spring,0,6,0,Friday,1,1,25.693347,47.1667,11.250104,769,22.299033346837522
166,2018-06-16,spring,0,6,0,Saturday,0,2,25.761653,68.8333,13.833557,545,19.69985794668522
167,2018-06-17,spring,0,6,0,Sunday,0,1,26.615847,73.5833,9.582943,863,23.23397867152947
168,2018-06-18,spring,0,6,0,Monday,1,1,28.563347,67.0417,8.000336,1807,30.094815653023783
169,2018-06-19,spring,0,6,0,Tuesday,1,2,28.665847,66.6667,6.834,1639,29.095652701514325
170,2018-06-20,spring,0,6,0,Wednesday,1,2,26.035,74.625,10.416825,699,21.550342341443788
171,2018-06-21,summer,0,6,0,Thursday,1,2,27.914153,77.0417,11.458675,774,22.350686951070003
172,2018-06-22,summer,0,6,0,Friday,1,1,30.066653,70.75,11.541554,661,21.12210135161918
173,2018-06-23,summer,0,6,0,Saturday,0,2,29.861653,70.3333,15.999868,746,22.058404818947725
174,2018-06-24,summer,0,6,0,Sunday,0,1,29.690847,57.3333,14.875675,969,24.207703504518356
175,2018-06-25,summer,0,6,0,Monday,1,1,28.495,48.3333,14.041257,1782,29.950296245874263
176,2018-06-26,summer,0,6,0,Tuesday,1,1,27.88,51.3333,6.3337311,1920,30.73141732555984
177,2018-06-27,summer,0,6,0,Wednesday,1,2,27.9825,65.8333,7.208396,854,23.147589706663297
178,2018-06-28,summer,0,6,0,Thursday,1,1,30.510847,63.4167,9.666961,732,21.909427185155987
179,2018-06-29,summer,0,6,0,Friday,1,1,29.861653,49.7917,17.542007,848,23.089648608613867
180,2018-06-30,summer,0,6,0,Saturday,0,1,28.563347,43.4167,12.415904,1027,24.709743019528393
181,2018-07-01,summer,0,7,0,Sunday,0,1,29.6225,39.625,6.874736,1246,26.446136106214603
182,2018-07-02,summer,0,7,0,Monday,1,1,30.271653,44.4583,7.709154,2204,32.22488234448447
183,2018-07-03,summer,0,7,0,Tuesday,1,2,29.383347,68.25,15.333486,2282,32.61166354316713
184,2018-07-04,summer,0,7,1,Wednesday,0,2,29.793347,63.7917,5.4591064,3065,36.066919133878656
185,2018-07-05,summer,0,7,0,Thursday,1,1,30.613347,59.0417,8.459286,1031,24.74364008620471
186,2018-07-06,summer,0,7,0,Friday,1,1,29.52,74.3333,10.042161,784,22.453309654794126
187,2018-07-07,summer,0,7,0,Saturday,0,1,30.75,65.125,10.6664,754,22.14267316490687
188,2018-07-08,summer,0,7,0,Sunday,0,2,29.075847,75.7917,15.083643,692,21.47268062563507
189,2018-07-09,summer,0,7,0,Monday,1,1,30.066653,60.9167,11.250104,1988,31.102167485808735
190,2018-07-10,summer,0,7,0,Tuesday,1,1,30.6475,57.8333,12.292557,1743,29.722035320925922
191,2018-07-11,summer,0,7,0,Wednesday,1,1,31.2625,63.5833,18.916579,723,21.812618117501934
192,2018-07-12,summer,0,7,0,Thursday,1,1,32.560847,55.9167,13.417018,662,21.133584952861575
193,2018-07-13,summer,0,7,0,Friday,1,1,30.613347,63.1667,9.790911,748,22.079529951469855
194,2018-07-14,summer,0,7,0,Saturday,0,1,27.914153,47.625,16.124689,888,23.470741491686198
195,2018-07-15,summer,0,7,0,Sunday,0,1,27.196653,59.125,12.249811,1318,26.970745178912516
196,2018-07-16,summer,0,7,0,Monday,1,1,28.153347,58.5,13.958914,2418,33.264846443993484
197,2018-07-17,summer,0,7,0,Tuesday,1,1,29.485847,60.4167,16.417211,2006,31.198843605679237
198,2018-07-18,summer,0,7,0,Wednesday,1,1,30.613347,65.125,14.458868,841,23.021693177184783
199,2018-07-19,summer,0,7,0,Thursday,1,1,31.843347,65.0417,8.7502,752,22.121663950541958
200,2018-07-20,summer,0,7,0,Friday,1,1,31.501653,70.7083,7.625739,644,20.925025638650855
201,2018-07-21,summer,0,7,0,Saturday,0,2,33.415,69.125,14.875407,632,20.783748696645866
202,2018-07-22,summer,0,7,0,Sunday,0,1,34.781653,58.0417,8.9177,562,19.92055161087199
203,2018-07-23,summer,0,7,0,Monday,1,1,34.815847,50.0,8.791807,987,24.365670136650444
204,2018-07-24,summer,0,7,0,Tuesday,1,1,34.03,55.0833,11.334457,1050,24.903427537398773
205,2018-07-25,summer,0,7,0,Wednesday,1,1,30.476653,75.7083,6.0841561,568,19.997346487657108
206,2018-07-26,summer,0,7,0,Thursday,1,1,31.638347,54.0833,13.417286,750,22.100616270491027
207,2018-07-27,summer,0,7,0,Friday,1,1,31.775,40.2917,12.292021,755,22.15316340127055
208,2018-07-28,summer,0,7,0,Saturday,0,1,31.945847,58.3333,11.958093,606,20.471195691912516
209,2018-07-29,summer,0,7,0,Sunday,0,1,34.371653,54.25,11.667246,670,21.22502700601416
210,2018-07-30,summer,0,7,0,Monday,1,1,32.970847,46.5833,11.291979,1559,28.594950704850454
211,2018-07-31,summer,0,7,0,Tuesday,1,1,33.039153,48.0833,11.042471,1524,28.37032739961215
212,2018-08-01,summer,0,8,0,Wednesday,1,1,31.638347,55.0833,10.500039,729,21.877248914900424
213,2018-08-02,summer,0,8,0,Thursday,1,1,32.116653,49.125,13.79195,801,22.625721240169963
214,2018-08-03,summer,0,8,0,Friday,1,2,29.998347,65.75,9.084061,467,18.62161379103075
215,2018-08-04,summer,0,8,0,Saturday,0,2,29.11,75.75,13.20905,799,22.60556894823919
216,2018-08-05,summer,0,8,0,Sunday,0,1,29.144153,63.0833,12.374632,1023,24.675755026759898
217,2018-08-06,summer,0,8,0,Monday,1,2,29.383347,75.5,15.29275,1521,28.350909517968855
218,2018-08-07,summer,0,8,0,Tuesday,1,1,30.4425,75.2917,13.499629,1298,26.827039269954902
219,2018-08-08,summer,0,8,0,Wednesday,1,1,31.365,59.2083,12.875725,846,23.070272263845283
220,2018-08-09,summer,0,8,0,Thursday,1,1,31.775,57.0417,10.125107,907,23.647632684003003
221,2018-08-10,summer,0,8,0,Friday,1,1,31.433347,42.4167,13.417286,884,23.433170234919448
222,2018-08-11,summer,0,8,0,Saturday,0,1,29.4175,42.375,11.041332,812,22.73594463067716
223,2018-08-12,summer,0,8,0,Sunday,0,1,29.041653,41.5,8.416607,1051,24.9117821253897
224,2018-08-13,summer,0,8,0,Monday,1,2,28.119153,72.9583,14.167418,1504,28.24037434972934
225,2018-08-14,summer,0,8,0,Tuesday,1,2,27.743347,81.75,14.916411,1338,27.112958978368034
226,2018-08-15,summer,0,8,0,Wednesday,1,1,27.299153,71.2083,13.999918,775,22.36099011289047
227,2018-08-16,summer,0,8,0,Thursday,1,1,28.734153,57.8333,15.834043,721,21.790992561788407
228,2018-08-17,summer,0,8,0,Friday,1,1,29.656653,57.5417,9.625689,668,21.202237198776047
229,2018-08-18,summer,0,8,0,Saturday,0,1,29.178347,65.4583,15.624936,639,20.866382160464436
230,2018-08-19,summer,0,8,0,Sunday,0,2,28.085,72.2917,9.333636,797,22.58538193183041
231,2018-08-20,summer,0,8,0,Monday,1,1,28.5975,67.4167,6.999289,1914,30.698273032716752
232,2018-08-21,summer,0,8,0,Tuesday,1,1,29.144153,77.0,16.666518,1249,26.46840542476412
233,2018-08-22,summer,0,8,0,Wednesday,1,1,28.358347,47.0,18.54225,833,22.943551772154095
234,2018-08-23,summer,0,8,0,Thursday,1,1,26.274153,45.5417,9.833121,1281,26.703686981463523
235,2018-08-24,summer,0,8,0,Friday,1,1,27.606653,60.5,16.958236,949,24.029799804559193
236,2018-08-25,summer,0,8,0,Saturday,0,2,28.050847,77.1667,14.125811,435,18.143259830460796
237,2018-08-26,summer,0,8,0,Sunday,0,1,28.7,76.125,5.6254875,768,22.28867492592782
238,2018-08-27,summer,0,8,0,Monday,1,2,27.88,85.0,25.166339,226,14.196409919260486
239,2018-08-28,summer,0,8,0,Tuesday,1,1,28.989419,56.1765,20.412153,1415,27.64721450538754
240,2018-08-29,summer,0,8,0,Wednesday,1,1,26.103347,55.4583,10.708275,729,21.877248914900424
241,2018-08-30,summer,0,8,0,Thursday,1,1,26.205847,54.8333,8.375536,775,22.36099011289047
242,2018-08-31,summer,0,8,0,Friday,1,1,26.923347,59.7917,5.5833311,688,21.428059653476943
243,2018-09-01,summer,0,9,0,Saturday,0,1,26.855,63.9167,9.500332,783,22.443088040293315
244,2018-09-02,summer,0,9,0,Sunday,0,2,26.376653,72.7083,9.375243,875,23.34820535085994
245,2018-09-03,summer,0,9,1,Monday,0,1,27.435847,71.6667,12.416775,1935,30.81396754174408
246,2018-09-04,summer,0,9,0,Tuesday,1,1,29.075847,74.2083,13.833289,2521,33.74290772827341
247,2018-09-05,summer,0,9,0,Wednesday,1,2,27.606653,79.0417,14.250632,1236,26.371637637450757
248,2018-09-06,summer,0,9,0,Thursday,1,3,22.14,88.6957,23.044181,204,13.648860266572404
249,2018-09-07,summer,0,9,0,Friday,1,3,24.565847,91.7083,6.5003936,118,11.001303465544996
250,2018-09-08,summer,0,9,1,Saturday,0,3,25.990433,93.9565,12.914116,153,12.201245397222467
251,2018-09-09,summer,0,9,0,Sunday,0,2,26.65,89.7917,8.333393,417,17.863466105304152
252,2018-09-10,summer,0,9,0,Monday,1,1,27.06,75.375,10.291736,1750,29.76326206714132
253,2018-09-11,summer,0,9,0,Tuesday,1,1,26.786653,71.375,7.708618,1633,29.058690721242034
254,2018-09-12,summer,0,9,0,Wednesday,1,1,26.418268,69.2174,5.957171,690,21.4503923785005
255,2018-09-13,summer,0,9,0,Thursday,1,1,26.684153,71.25,9.500868,701,21.572433096279518
256,2018-09-14,summer,0,9,0,Friday,1,1,27.606653,69.7083,11.2091,647,20.96006154932019
257,2018-09-15,summer,0,9,0,Saturday,0,2,23.6775,70.9167,18.166782,428,18.035414901758596
258,2018-09-16,summer,0,9,0,Sunday,0,2,19.235847,59.0417,11.000261,742,22.016037408971247
259,2018-09-17,summer,0,9,0,Monday,1,2,20.158347,71.8333,12.708225,1434,27.77595386171366
260,2018-09-18,summer,0,9,0,Tuesday,1,1,20.8075,69.5,11.958361,1353,27.2186627180214
261,2018-09-19,summer,0,9,0,Wednesday,1,2,22.515847,69.0,10.166714,691,21.46154204821764
262,2018-09-20,summer,0,9,0,Thursday,1,2,23.028347,88.125,9.041918,438,18.189113817415077
263,2018-09-21,summer,0,9,0,Friday,1,2,24.395,90.0,6.4590814,539,19.6208362372894
264,2018-09-22,summer,0,9,0,Saturday,0,2,25.761653,90.2083,8.584375,555,19.83024151966261
265,2018-09-23,autumn,0,9,0,Sunday,0,2,24.975847,97.25,5.2505689,258,14.930859913469101
266,2018-09-24,autumn,0,9,0,Monday,1,2,24.873347,86.25,5.2516811,1776,29.91540432973025
267,2018-09-25,autumn,0,9,0,Tuesday,1,2,26.000847,84.5,3.3754064,1544,28.499112717370515
268,2018-09-26,autumn,0,9,0,Wednesday,1,2,26.615847,84.8333,7.4169,684,21.38325989427638
269,2018-09-27,autumn,0,9,0,Thursday,1,2,26.103347,88.5417,7.917457,477,18.7664604919159
270,2018-09-28,autumn,0,9,0,Friday,1,2,26.035,84.875,9.958143,480,18.8095067937878
271,2018-09-29,autumn,0,9,0,Saturday,0,1,25.283347,69.9167,11.583161,653,21.029799569692006
272,2018-09-30,autumn,0,9,0,Sunday,0,1,23.130847,64.75,13.833825,830,22.914115682910097
273,2018-10-01,autumn,0,10,0,Monday,1,2,16.81,75.375,19.583832,480,18.8095067937878
274,2018-10-02,autumn,0,10,0,Tuesday,1,2,14.623347,79.1667,14.874871,616,20.59247996716535
275,2018-10-03,autumn,0,10,0,Wednesday,1,2,15.750847,76.0833,5.5841686,330,16.37931262231017
276,2018-10-04,autumn,0,10,0,Thursday,1,1,19.850847,71.0,13.792218,486,18.895047390845665
277,2018-10-05,autumn,0,10,0,Friday,1,1,22.071653,64.7917,11.87575,559,19.88194256663946
278,2018-10-06,autumn,0,10,0,Saturday,0,1,20.260847,62.0833,9.041918,639,20.866382160464436
279,2018-10-07,autumn,0,10,0,Sunday,0,1,20.944153,68.4167,1.5002439,949,24.029799804559193
280,2018-10-08,autumn,0,10,0,Monday,1,1,21.388347,70.125,3.0420814,2235,32.37971307356818
281,2018-10-09,autumn,0,10,0,Tuesday,1,1,22.174153,72.75,4.25115,2397,33.16566607142315
282,2018-10-10,autumn,0,10,0,Wednesday,1,1,23.404153,73.375,2.8343814,1514,28.30549846491878
283,2018-10-11,autumn,0,10,0,Thursday,1,2,23.233347,80.875,9.583814,667,21.190824693205215
284,2018-10-12,autumn,0,10,0,Friday,1,3,22.276653,90.625,16.62605,217,13.977048046329125
285,2018-10-13,autumn,0,10,0,Saturday,0,2,24.155847,89.6667,9.499729,290,15.60505457017989
286,2018-10-14,autumn,0,10,0,Sunday,0,2,22.584153,71.625,15.000161,529,19.487778018067797
287,2018-10-15,autumn,0,10,0,Monday,1,1,20.773347,48.3333,17.291561,1899,30.615098486573412
288,2018-10-16,autumn,0,10,0,Tuesday,1,1,20.978347,48.6667,18.875039,1748,29.751494587944297
289,2018-10-17,autumn,0,10,0,Wednesday,1,1,21.900847,57.9583,11.750393,713,21.704075409338074
290,2018-10-18,autumn,0,10,0,Thursday,1,2,21.8325,70.1667,7.375829,637,20.84283639518621
291,2018-10-19,autumn,0,10,0,Friday,1,3,22.211299,89.5217,16.303713,254,14.84261076336168
292,2018-10-20,autumn,0,10,0,Saturday,0,1,19.509153,63.625,28.292425,471,18.679806059265733
293,2018-10-21,autumn,0,10,0,Sunday,0,1,17.5275,57.4167,14.833532,676,21.293116913858686
294,2018-10-22,autumn,0,10,0,Monday,1,1,17.3225,62.9167,6.2086689,1499,28.207700564224606
295,2018-10-23,autumn,0,10,0,Tuesday,1,1,17.288347,74.125,6.6673375,1619,28.972081387127727
296,2018-10-24,autumn,0,10,0,Wednesday,1,1,18.996653,77.2083,7.959064,699,21.550342341443788
297,2018-10-25,autumn,0,10,0,Thursday,1,1,19.338347,62.2917,11.166086,695,21.506030073972326
298,2018-10-26,autumn,0,10,0,Friday,1,2,19.850847,72.0417,9.959014,404,17.656183295505553
299,2018-10-27,autumn,0,10,0,Saturday,0,2,19.27,81.2917,13.250121,240,14.525995953471437
300,2018-10-28,autumn,0,10,0,Sunday,0,2,13.564153,58.5833,15.375093,456,18.45979696707945
301,2018-10-29,autumn,0,10,0,Monday,1,3,10.420847,88.25,23.541857,57,8.114713729979519
302,2018-10-30,autumn,0,10,0,Tuesday,1,1,13.085847,62.375,11.833339,885,23.442573993288537
303,2018-10-31,autumn,0,10,0,Wednesday,1,1,13.94,70.3333,7.12545,362,16.953413106041463
304,2018-11-01,autumn,0,11,0,Thursday,1,1,16.434153,68.375,9.083257,410,17.752413717048515
305,2018-11-02,autumn,0,11,0,Friday,1,1,15.4775,71.875,5.5001439,370,17.091442859100543
306,2018-11-03,autumn,0,11,0,Saturday,0,1,16.741653,70.2083,9.166739,318,16.154152506905422
307,2018-11-04,autumn,0,11,0,Sunday,0,2,16.536653,62.25,18.209193,470,18.665289955991366
308,2018-11-05,autumn,0,11,0,Monday,1,1,13.393347,51.9167,12.667154,1156,25.760185448419776
309,2018-11-06,autumn,0,11,0,Tuesday,1,1,14.281653,73.4583,6.1676314,952,24.056648712662287
310,2018-11-07,autumn,0,11,0,Wednesday,1,1,16.195,75.875,3.834075,373,17.142674706414564
311,2018-11-08,autumn,0,11,0,Thursday,1,1,16.741653,72.1667,4.6255125,376,17.193623928055374
312,2018-11-09,autumn,0,11,0,Friday,1,1,16.4,75.8333,4.1671186,305,15.90353377985618
313,2018-11-10,autumn,0,11,0,Saturday,0,2,15.58,81.3333,12.667489,190,13.27891999200478
314,2018-11-11,autumn,0,11,0,Sunday,0,1,13.290847,44.625,21.083225,440,18.21956326306046
315,2018-11-12,autumn,0,11,1,Monday,0,1,14.623347,55.2917,14.208154,1275,26.659882133235868
316,2018-11-13,autumn,0,11,0,Tuesday,1,1,18.074153,45.8333,18.875307,1004,24.51305170482015
317,2018-11-14,autumn,0,11,0,Wednesday,1,1,21.73,58.7083,20.541932,595,20.33618244034791
318,2018-11-15,autumn,0,11,0,Thursday,1,2,21.73,68.875,13.375411,449,18.355419959790797
319,2018-11-16,autumn,0,11,0,Friday,1,3,18.723347,93.0,9.167543,145,11.945114071860695
320,2018-11-17,autumn,0,11,0,Saturday,0,2,14.008347,57.5833,20.459254,139,11.746562099967337
321,2018-11-18,autumn,0,11,0,Sunday,0,1,11.240847,41.0,11.291711,245,14.640496283087804
322,2018-11-19,autumn,0,11,0,Monday,1,1,13.495847,50.2083,15.041232,943,23.97592635594118
323,2018-11-20,autumn,0,11,0,Tuesday,1,2,18.996653,68.4583,12.45865,787,22.483920795639833
324,2018-11-21,autumn,0,11,0,Wednesday,1,3,18.3475,91.0,9.249618,220,14.050852477026229
325,2018-11-22,autumn,0,11,1,Thursday,0,3,17.083347,96.25,7.959064,69,8.810353276360255
326,2018-11-23,autumn,0,11,0,Friday,1,2,18.074153,75.7917,22.500275,112,10.771747496560778
327,2018-11-24,autumn,0,11,0,Saturday,0,1,15.306653,54.9167,11.209368,560,19.894828048314327
328,2018-11-25,autumn,0,11,0,Sunday,0,1,15.375,64.375,6.6260186,1095,25.274094250038676
329,2018-11-26,autumn,0,11,0,Monday,1,1,15.409153,68.1667,4.5841936,1249,26.46840542476412
330,2018-11-27,autumn,0,11,0,Tuesday,1,1,18.825847,69.8333,13.999918,810,22.71598073587438
331,2018-11-28,autumn,0,11,0,Wednesday,1,1,20.642598,74.3043,9.522174,253,14.820399304452108
332,2018-11-29,autumn,0,11,0,Thursday,1,2,18.791653,83.0833,17.292164,96,10.115102959468718
333,2018-11-30,autumn,0,11,0,Friday,1,1,13.325,61.3333,18.167586,188,13.224555794604415
334,2018-12-01,autumn,0,12,0,Saturday,0,1,12.8125,52.4583,14.750586,182,13.05903842788398
335,2018-12-02,autumn,0,12,0,Sunday,0,1,12.880847,62.5833,6.750518,268,15.147439654158662
336,2018-12-03,autumn,0,12,0,Monday,1,1,12.265847,61.2917,6.4174811,706,21.627470972407515
337,2018-12-04,autumn,0,12,0,Tuesday,1,1,13.564153,77.5833,5.6252061,634,20.807422223207166
338,2018-12-05,autumn,0,12,0,Wednesday,1,2,15.819153,82.7083,4.1679561,233,14.362905788170039
339,2018-12-06,autumn,0,12,0,Thursday,1,3,18.9625,94.9583,15.583061,126,11.29521086922712
340,2018-12-07,autumn,0,12,0,Friday,1,3,16.81,97.0417,17.833725,50,7.6610645629261285
341,2018-12-08,autumn,0,12,0,Saturday,0,1,10.899153,58.0,16.083886,150,12.106300542521547
342,2018-12-09,autumn,0,12,0,Sunday,0,1,11.924153,69.5833,5.5420189,261,14.996431142631277
343,2018-12-10,autumn,0,12,0,Monday,1,1,11.275,50.75,15.625807,502,19.11965961098823
344,2018-12-11,autumn,0,12,0,Tuesday,1,1,9.054153,49.0,4.4582939,377,17.210544854603064
345,2018-12-12,autumn,0,12,0,Wednesday,1,1,9.771653,67.0833,4.25115,143,11.879568738579978
346,2018-12-13,autumn,0,12,0,Thursday,1,1,11.5825,59.0,9.41685,155,12.263832757522577
347,2018-12-14,autumn,0,12,0,Friday,1,2,13.0175,66.375,4.0842061,178,12.946597425443061
348,2018-12-15,autumn,0,12,0,Saturday,0,2,17.3225,63.4167,17.958814,181,13.031088794617592
349,2018-12-16,autumn,0,12,0,Sunday,0,2,15.375,50.0417,17.458525,178,12.946597425443061
350,2018-12-17,autumn,0,12,0,Monday,1,2,10.591653,56.0833,16.292189,275,15.295759177479805
351,2018-12-18,autumn,0,12,0,Tuesday,1,1,9.771653,58.625,11.375193,220,14.050852477026229
352,2018-12-19,autumn,0,12,0,Wednesday,1,1,11.343347,63.75,11.584032,260,14.974631934516553
353,2018-12-20,autumn,0,12,0,Thursday,1,2,15.819153,59.5417,4.1252436,216,13.9522906841088
354,2018-12-21,winter,0,12,0,Friday,1,2,17.561653,85.8333,14.8338,107,10.573899066836365
355,2018-12-22,winter,0,12,0,Saturday,0,2,17.356653,75.75,3.167425,227,14.220410217109695
356,2018-12-23,winter,0,12,0,Sunday,0,1,15.306653,68.625,18.374482,163,12.508768561460084
357,2018-12-24,winter,0,12,0,Monday,1,1,12.4025,54.25,12.750368,155,12.263832757522577
358,2018-12-25,winter,0,12,1,Tuesday,0,1,11.266103,68.1304,10.391097,303,15.864328520407078
359,2018-12-26,winter,0,12,0,Wednesday,1,1,13.191299,50.6957,16.044155,430,18.066350765476297
360,2018-12-27,winter,0,12,0,Thursday,1,2,13.325,76.25,12.62615,103,10.410990448853742
361,2018-12-28,winter,0,12,0,Friday,1,1,12.26433,50.3913,19.695387,255,14.86476215878075
362,2018-12-29,winter,0,12,0,Saturday,0,1,10.181653,57.4167,8.000604,254,14.84261076336168
363,2018-12-30,winter,0,12,0,Sunday,0,1,12.778347,63.6667,9.000579,491,18.96577807257468
364,2018-12-31,winter,0,12,0,Monday,1,1,16.81,61.5833,14.750318,665,21.167964329490268
365,2019-01-01,winter,1,1,1,Tuesday,0,1,15.17,69.25,12.875189,686,21.405682232121144
366,2019-01-02,winter,1,1,0,Wednesday,1,1,11.194763,38.1304,22.087555,244,14.617725669338434
367,2019-01-03,winter,1,1,0,Thursday,1,1,6.15,44.125,24.499957,89,9.803979363300463
368,2019-01-04,winter,1,1,0,Friday,1,2,4.4075,41.4583,12.3749,95,10.071633624010222
369,2019-01-05,winter,1,1,0,Saturday,0,1,10.899153,52.4167,8.709129,140,11.78005804240976
370,2019-01-06,winter,1,1,0,Sunday,0,1,13.700847,54.2083,11.249836,307,15.94256261710444
371,2019-01-07,winter,1,1,0,Monday,1,1,16.126653,53.1667,11.708786,1070,25.069490728614646
372,2019-01-08,winter,1,1,0,Tuesday,1,1,13.8375,46.5,12.833314,599,20.385475260617483
373,2019-01-09,winter,1,1,0,Wednesday,1,2,9.190847,70.1667,6.6263,106,10.533569973870867
374,2019-01-10,winter,1,1,0,Thursday,1,1,12.656536,64.6522,12.565984,173,12.80357508690969
375,2019-01-11,winter,1,1,0,Friday,1,2,11.240847,84.75,8.791807,92,9.93930751344088
376,2019-01-12,winter,1,1,0,Saturday,0,2,15.6825,80.2917,12.124789,269,15.168790031302237
377,2019-01-13,winter,1,1,0,Sunday,0,1,11.240847,50.75,25.333236,174,12.832404849813082
378,2019-01-14,winter,1,1,0,Monday,1,1,7.38,45.75,12.541261,333,16.434720152611323
379,2019-01-15,winter,1,1,0,Tuesday,1,1,6.833347,41.9167,16.834286,284,15.482687996367208
380,2019-01-16,winter,1,1,0,Wednesday,1,1,7.79,52.25,15.500986,217,13.977048046329125
381,2019-01-17,winter,1,1,0,Thursday,1,2,15.294763,71.6087,23.39171,127,11.331038008480384
382,2019-01-18,winter,1,1,0,Friday,1,1,12.436653,44.3333,27.833743,109,10.653786062011257
383,2019-01-19,winter,1,1,0,Saturday,0,1,7.79,49.75,14.750586,130,11.437368521418728
384,2019-01-20,winter,1,1,0,Sunday,0,2,8.9175,45.0,13.58425,115,10.88755529822592
385,2019-01-21,winter,1,1,1,Monday,0,2,7.106653,83.125,14.917014,67,8.700535273222862
386,2019-01-22,winter,1,1,0,Tuesday,1,2,6.6625,79.625,13.375746,196,13.439686812493086
387,2019-01-23,winter,1,1,0,Wednesday,1,2,8.951653,91.125,7.417436,145,11.945114071860695
388,2019-01-24,winter,1,1,0,Thursday,1,1,14.0425,83.5833,8.292389,439,18.204350466623477
389,2019-01-25,winter,1,1,0,Friday,1,1,12.060847,64.375,10.791757,467,18.62161379103075
390,2019-01-26,winter,1,1,0,Saturday,0,2,14.008347,76.9583,4.9175186,244,14.617725669338434
391,2019-01-27,winter,1,1,0,Sunday,0,2,17.425,74.125,22.958689,269,15.168790031302237
392,2019-01-28,winter,1,1,0,Monday,1,1,12.949153,54.3333,14.125543,775,22.36099011289047
393,2019-01-29,winter,1,1,0,Tuesday,1,1,11.5825,31.125,16.08335,558,19.869041221066194
394,2019-01-30,winter,1,1,0,Wednesday,1,1,11.035847,40.0833,14.458064,126,11.29521086922712
395,2019-01-31,winter,1,1,0,Thursday,1,1,15.99,41.6667,17.541739,324,16.267449563951885
396,2019-02-01,winter,1,2,0,Friday,1,1,19.235847,50.7917,12.667489,304,15.88395332521087
397,2019-02-02,winter,1,2,0,Saturday,0,2,16.365847,67.2917,12.541529,190,13.27891999200478
398,2019-02-03,winter,1,2,0,Sunday,0,1,12.846653,52.6667,11.959232,310,16.00077930607412
399,2019-02-04,winter,1,2,0,Monday,1,2,10.830847,77.9583,8.167032,384,17.328135404690276
400,2019-02-05,winter,1,2,0,Tuesday,1,2,10.899153,68.7917,11.791732,318,16.154152506905422
401,2019-02-06,winter,1,2,0,Wednesday,1,1,11.586969,62.2174,10.3046,206,13.700269275640977
402,2019-02-07,winter,1,2,0,Thursday,1,1,14.520847,49.625,9.874393,199,13.518803186106753
403,2019-02-08,winter,1,2,0,Friday,1,2,10.523347,72.2917,8.959307,109,10.653786062011257
404,2019-02-09,winter,1,2,0,Saturday,0,1,10.865,56.2083,13.000479,163,12.508768561460084
405,2019-02-10,winter,1,2,0,Sunday,0,2,11.514153,54.0,7.834243,227,14.220410217109695
406,2019-02-11,winter,1,2,0,Monday,1,3,9.190847,73.125,19.416332,192,13.332892012057785
407,2019-02-12,winter,1,2,0,Tuesday,1,1,5.2275,46.4583,27.417204,73,9.023587275838487
408,2019-02-13,winter,1,2,0,Wednesday,1,1,9.1225,41.125,11.207961,94,10.027848426950573
409,2019-02-14,winter,1,2,0,Thursday,1,2,13.085847,50.875,9.458993,135,11.610896216048529
410,2019-02-15,winter,1,2,0,Friday,1,1,14.281653,53.125,12.1672,141,11.813389829019998
411,2019-02-16,winter,1,2,0,Saturday,0,2,12.983347,75.2917,6.125475,74,9.075634422036053
412,2019-02-17,winter,1,2,0,Sunday,0,1,14.076653,63.4583,13.791682,349,16.724569505994513
413,2019-02-18,winter,1,2,1,Monday,0,1,14.213347,53.4583,12.792243,1435,27.782697036897115
414,2019-02-19,winter,1,2,0,Tuesday,1,2,11.48,51.5833,16.958504,618,20.616574036363005
415,2019-02-20,winter,1,2,0,Wednesday,1,1,11.48,50.7826,15.348561,502,19.11965961098823
416,2019-02-21,winter,1,2,0,Thursday,1,1,11.800866,59.4348,13.783039,163,12.508768561460084
417,2019-02-22,winter,1,2,0,Friday,1,1,16.229153,56.7917,15.709557,394,17.49359116289115
418,2019-02-23,winter,1,2,0,Saturday,0,1,18.620847,55.4583,12.791171,516,19.31219047959194
419,2019-02-24,winter,1,2,0,Sunday,0,2,16.7075,73.75,15.916989,246,14.663203062497052
420,2019-02-25,winter,1,2,0,Monday,1,1,11.924153,39.5833,28.250014,317,16.13512705387941
421,2019-02-26,winter,1,2,0,Tuesday,1,1,11.445847,41.0,13.750343,515,19.298558271471887
422,2019-02-27,winter,1,2,0,Wednesday,1,1,15.033347,49.0833,17.958211,253,14.820399304452108
423,2019-02-28,winter,1,2,0,Thursday,1,1,14.725847,39.5833,12.958939,229,14.26819352349966
424,2019-03-01,winter,1,3,0,Friday,1,1,19.919153,61.5417,15.208129,325,16.28619178229141
425,2019-03-02,winter,1,3,0,Saturday,0,2,14.486653,65.7083,9.708568,246,14.663203062497052
426,2019-03-03,winter,1,3,0,Sunday,0,2,16.980847,62.125,10.792293,956,24.09235688677145
427,2019-03-04,winter,1,3,0,Monday,1,1,13.359153,40.3333,22.416257,710,21.67130856287786
428,2019-03-05,winter,1,3,0,Tuesday,1,1,9.976653,50.625,15.333486,203,13.62302568669851
429,2019-03-06,winter,1,3,0,Wednesday,1,1,10.591653,45.6667,13.458625,221,14.075300062683299
430,2019-03-07,winter,1,3,0,Thursday,1,1,16.570847,51.3333,23.167193,432,18.09718782281757
431,2019-03-08,winter,1,3,0,Friday,1,1,21.6275,56.75,29.584721,486,18.895047390845665
432,2019-03-09,winter,1,3,0,Saturday,0,2,16.844153,40.7083,27.7916,447,18.325392570647033
433,2019-03-10,winter,1,3,0,Sunday,0,1,11.7875,35.0417,15.12525,968,24.198868608451622
434,2019-03-11,winter,1,3,0,Monday,1,1,14.831299,47.6957,14.913329,1658,29.212088494951814
435,2019-03-12,winter,1,3,0,Tuesday,1,1,19.133347,48.9167,13.916771,838,22.9924503079177
436,2019-03-13,winter,1,3,0,Wednesday,1,1,23.165,61.75,15.87565,762,22.226328788242366
437,2019-03-14,winter,1,3,0,Thursday,1,1,23.4725,50.7083,7.709154,997,24.45257464224404
438,2019-03-15,winter,1,3,0,Friday,1,1,22.8575,57.9583,10.042161,1005,24.521667588204817
439,2019-03-16,winter,1,3,0,Saturday,0,2,17.869153,84.2083,7.583864,548,19.739144572014773
440,2019-03-17,winter,1,3,0,Sunday,0,2,21.080847,75.5833,7.417168,3155,36.42335973292572
441,2019-03-18,winter,1,3,0,Monday,1,2,19.3725,81.0,8.501161,2207,32.23993117522535
442,2019-03-19,winter,1,3,0,Tuesday,1,1,22.345,72.875,10.875239,982,24.321990640981856
443,2019-03-20,winter,1,3,0,Wednesday,1,1,22.994153,80.7917,8.125157,1051,24.9117821253897
444,2019-03-21,spring,1,3,0,Thursday,1,2,21.798347,82.125,6.0004061,1122,25.49148875343988
445,2019-03-22,spring,1,3,0,Friday,1,1,22.720847,83.125,7.876654,1334,27.084633767702908
446,2019-03-23,spring,1,3,0,Saturday,0,2,24.668347,69.4167,7.7921,2469,33.50327082627061
447,2019-03-24,spring,1,3,0,Sunday,0,2,20.6025,88.5417,12.916461,1033,24.760554708315045
448,2019-03-25,spring,1,3,0,Monday,1,2,17.9375,88.0833,14.791925,1532,28.42198021121308
449,2019-03-26,spring,1,3,0,Tuesday,1,1,18.279153,47.7917,25.917007,795,22.565160043746044
450,2019-03-27,spring,1,3,0,Wednesday,1,1,13.256653,29.0,12.541864,531,19.514527201180098
451,2019-03-28,spring,1,3,0,Thursday,1,1,19.850847,48.125,19.541957,674,21.27046662993764
452,2019-03-29,spring,1,3,0,Friday,1,1,20.260847,43.9167,21.41655,834,22.953347596990593
453,2019-03-30,spring,1,3,0,Saturday,0,2,15.17,58.0833,9.250489,796,22.575275355986328
454,2019-03-31,spring,1,3,0,Sunday,0,2,17.390847,73.8333,16.791339,2301,32.704498267534206
455,2019-04-01,spring,1,4,0,Monday,1,2,17.459153,67.625,11.541889,2347,32.92709295102222
456,2019-04-02,spring,1,4,0,Tuesday,1,1,17.790433,50.4348,20.913313,1208,26.160811910093877
457,2019-04-03,spring,1,4,0,Wednesday,1,1,19.133347,39.6667,6.708911,1348,27.183518099865907
458,2019-04-04,spring,1,4,0,Thursday,1,1,22.208347,46.9583,12.125325,1058,24.970111695252918
459,2019-04-05,spring,1,4,0,Friday,1,1,17.835,37.4167,14.708443,1192,26.03882734820673
460,2019-04-06,spring,1,4,0,Saturday,0,1,16.536653,37.7083,20.125996,1807,30.094815653023783
461,2019-04-07,spring,1,4,0,Sunday,0,1,17.9375,25.4167,18.416357,3252,36.7997775228126
462,2019-04-08,spring,1,4,0,Monday,1,1,20.5,27.5833,15.583932,2230,32.35484071146578
463,2019-04-09,spring,1,4,0,Tuesday,1,1,20.055847,31.75,23.999132,905,23.62913328272585
464,2019-04-10,spring,1,4,0,Wednesday,1,1,18.313347,43.5,16.708125,819,22.805553072141805
465,2019-04-11,spring,1,4,0,Thursday,1,1,14.296536,46.9565,19.783358,482,18.838101627313304
466,2019-04-12,spring,1,4,0,Friday,1,1,16.2975,46.625,19.458743,663,21.145056629380793
467,2019-04-13,spring,1,4,0,Saturday,0,1,18.1425,40.8333,10.416557,1252,26.490637984525883
468,2019-04-14,spring,1,4,0,Sunday,0,1,20.295,50.2917,12.791439,2795,34.95242433355225
469,2019-04-15,spring,1,4,0,Monday,1,1,24.873347,50.7917,15.083643,2846,35.16844227782097
470,2019-04-16,spring,1,4,1,Tuesday,0,1,27.230847,56.1667,19.083543,1198,26.08470277573263
471,2019-04-17,spring,1,4,0,Wednesday,1,1,24.941653,39.0417,18.333143,989,24.383099323185924
472,2019-04-18,spring,1,4,0,Thursday,1,2,18.996653,56.9167,11.250104,347,16.688844923276605
473,2019-04-19,spring,1,4,0,Friday,1,1,20.431653,61.25,4.4172564,846,23.070272263845283
474,2019-04-20,spring,1,4,0,Saturday,0,1,21.593347,69.4583,10.041357,1340,27.127099747302395
475,2019-04-21,spring,1,4,0,Sunday,0,1,23.37,68.2917,19.000329,2541,33.83417044797426
476,2019-04-22,spring,1,4,0,Monday,1,3,16.263347,83.5417,23.084582,120,11.076034853721117
477,2019-04-23,spring,1,4,0,Tuesday,1,2,13.188347,76.6667,20.334232,195,13.413129686804043
478,2019-04-24,spring,1,4,0,Wednesday,1,1,16.946653,45.4167,16.708661,518,19.339400479441093
479,2019-04-25,spring,1,4,0,Thursday,1,1,19.543347,42.7917,7.959064,655,21.052947610251845
480,2019-04-26,spring,1,4,0,Friday,1,2,20.431653,75.6667,11.833875,475,18.737659407525854
481,2019-04-27,spring,1,4,0,Saturday,0,1,18.7575,40.0833,23.291411,1014,24.598946471932145
482,2019-04-28,spring,1,4,0,Sunday,0,2,15.443347,48.9583,8.708325,1120,25.47550963067842
483,2019-04-29,spring,1,4,0,Monday,1,1,18.791653,58.7083,7.832836,2229,32.34986163739344
484,2019-04-30,spring,1,4,0,Tuesday,1,2,19.030847,57.0,11.499746,665,21.167964329490268
485,2019-05-01,spring,1,5,0,Wednesday,1,2,25.146653,65.9583,10.458432,653,21.029799569692006
486,2019-05-02,spring,1,5,0,Thursday,1,1,23.130847,79.7083,9.249886,667,21.190824693205215
487,2019-05-03,spring,1,5,0,Friday,1,2,22.96,76.8333,8.957632,764,22.247148230658432
488,2019-05-04,spring,1,5,0,Saturday,0,1,25.7275,73.5417,10.916846,1069,25.061238508488632
489,2019-05-05,spring,1,5,0,Sunday,0,2,25.488347,75.6667,10.250464,2496,33.628126344135325
490,2019-05-06,spring,1,5,0,Monday,1,2,23.0625,74.0,10.041893,2135,31.87480202668813
491,2019-05-07,spring,1,5,0,Tuesday,1,2,22.0375,66.4167,15.458307,1008,24.547479911540727
492,2019-05-08,spring,1,5,0,Wednesday,1,2,23.848347,68.5833,19.833943,738,21.973512618913848
493,2019-05-09,spring,1,5,0,Thursday,1,2,23.575,74.4167,14.499604,620,20.640614535393613
494,2019-05-10,spring,1,5,0,Friday,1,1,20.739153,55.2083,21.042221,1026,24.70125456902106
495,2019-05-11,spring,1,5,0,Saturday,0,1,21.866653,36.0417,15.874779,1319,26.97789098897785
496,2019-05-12,spring,1,5,0,Sunday,0,1,23.130847,48.0417,8.249911,2622,34.19881237702311
497,2019-05-13,spring,1,5,0,Monday,1,1,25.1125,57.625,15.082839,2172,32.06347789586011
498,2019-05-14,spring,1,5,0,Tuesday,1,2,23.506653,78.9583,14.250364,342,16.598909600257397
499,2019-05-15,spring,1,5,0,Wednesday,1,2,25.078347,79.4583,9.875264,625,20.70048331921915
500,2019-05-16,spring,1,5,0,Thursday,1,1,26.103347,69.7917,8.208304,991,24.40050428477717
501,2019-05-17,spring,1,5,0,Friday,1,1,24.326653,52.0,15.374825,1242,26.41638624261
502,2019-05-18,spring,1,5,0,Saturday,0,1,23.130847,52.3333,9.166739,1521,28.350909517968855
503,2019-05-19,spring,1,5,0,Sunday,0,1,24.6,45.625,5.626325,3410,37.39671052696428
504,2019-05-20,spring,1,5,0,Monday,1,1,25.454153,53.0417,17.042589,2704,34.560147535840194
505,2019-05-21,spring,1,5,0,Tuesday,1,2,24.531653,81.125,15.624668,630,20.760023587497308
506,2019-05-22,spring,1,5,0,Wednesday,1,2,25.215,76.5833,7.917189,819,22.805553072141805
507,2019-05-23,spring,1,5,0,Thursday,1,2,25.488347,77.4583,6.834,766,22.267930221589673
508,2019-05-24,spring,1,5,0,Friday,1,1,26.855,71.6667,11.584032,1059,24.978422803040612
509,2019-05-25,spring,1,5,0,Saturday,0,1,27.88,74.7083,9.41685,1417,27.66082179810581
510,2019-05-26,spring,1,5,0,Sunday,0,1,28.3925,73.25,13.332464,2855,35.20628611500822
511,2019-05-27,spring,1,5,1,Monday,0,1,28.29,69.7083,14.416457,3283,36.91844563898211
512,2019-05-28,spring,1,5,0,Tuesday,1,1,29.2125,67.625,13.166907,2557,33.90682554992573
513,2019-05-29,spring,1,5,0,Wednesday,1,1,29.6225,68.4583,19.7918,880,23.395481867885813
514,2019-05-30,spring,1,5,0,Thursday,1,2,26.923347,67.0,9.000043,745,22.04782764273909
515,2019-05-31,spring,1,5,0,Friday,1,1,27.88,49.2917,13.083693,1100,25.3146284579597
516,2019-06-01,spring,1,6,0,Saturday,0,2,26.820847,75.5417,15.916721,533,19.541207179124484
517,2019-06-02,spring,1,6,0,Sunday,0,1,23.916653,54.9167,12.499654,2795,34.95242433355225
518,2019-06-03,spring,1,6,0,Monday,1,1,24.7025,49.3333,12.333829,2494,33.61890973357681
519,2019-06-04,spring,1,6,0,Tuesday,1,1,24.4975,48.7083,19.083811,1071,25.077737645991387
520,2019-06-05,spring,1,6,0,Wednesday,1,2,22.174153,61.3333,14.041525,968,24.198868608451622
521,2019-06-06,spring,1,6,0,Thursday,1,1,22.720847,61.125,5.167375,1027,24.709743019528393
522,2019-06-07,spring,1,6,0,Friday,1,1,24.7025,56.7083,10.54245,1038,24.80274294696482
523,2019-06-08,spring,1,6,0,Saturday,0,1,26.615847,46.7917,11.750661,1488,28.135553480540658
524,2019-06-09,spring,1,6,0,Sunday,0,1,29.144153,43.7083,9.667229,2708,34.57757972038729
525,2019-06-10,spring,1,6,0,Monday,1,1,29.793347,53.8333,8.959307,2224,32.324943194818445
526,2019-06-11,spring,1,6,0,Tuesday,1,2,29.554153,58.7917,13.916771,1017,24.62460123505955
527,2019-06-12,spring,1,6,0,Wednesday,1,2,26.786653,83.3333,14.374582,477,18.7664604919159
528,2019-06-13,spring,1,6,0,Thursday,1,1,26.889153,58.2083,22.999693,1173,25.892499050187762
529,2019-06-14,spring,1,6,0,Friday,1,1,26.581653,56.9583,17.000111,1180,25.9465978400667
530,2019-06-15,spring,1,6,0,Saturday,0,1,26.205847,58.9583,11.833339,1563,28.620400318031457
531,2019-06-16,spring,1,6,0,Sunday,0,1,25.898347,50.4167,11.166689,2963,35.65414071945312
532,2019-06-17,spring,1,6,0,Monday,1,1,24.2925,59.875,9.708568,2634,34.252171664383866
533,2019-06-18,spring,1,6,0,Tuesday,1,2,23.301653,77.7917,11.707982,653,21.029799569692006
534,2019-06-19,spring,1,6,0,Wednesday,1,1,28.221653,69.0,9.917139,968,24.198868608451622
535,2019-06-20,spring,1,6,0,Thursday,1,1,32.0825,59.2083,7.625404,872,23.319750192542735
536,2019-06-21,summer,1,6,0,Friday,1,1,33.039153,56.7917,7.958729,778,22.3918448398277
537,2019-06-22,summer,1,6,0,Saturday,0,1,31.8775,57.375,12.250414,964,24.163466118090938
538,2019-06-23,summer,1,6,0,Sunday,0,1,29.998347,53.4583,12.041307,2657,34.35397811153608
539,2019-06-24,summer,1,6,0,Monday,1,1,30.476653,47.9167,9.750175,2551,33.879616628478686
540,2019-06-25,summer,1,6,0,Tuesday,1,1,29.349153,50.4167,20.125661,1139,25.626526703614285
541,2019-06-26,summer,1,6,0,Wednesday,1,1,25.864153,37.3333,23.292014,1077,25.12710825887398
542,2019-06-27,summer,1,6,0,Thursday,1,1,28.5975,36.0,18.208925,1077,25.12710825887398
543,2019-06-28,summer,1,6,0,Friday,1,1,30.715847,42.25,11.50055,921,23.776349287746303
544,2019-06-29,summer,1,6,0,Saturday,0,1,34.200847,48.875,11.082939,829,22.904287393336155
545,2019-06-30,summer,1,6,0,Sunday,0,1,31.365,60.125,10.791757,1455,27.916886998988147
546,2019-07-01,summer,1,7,0,Monday,1,1,33.449153,51.875,11.291443,1421,27.68799680573291
547,2019-07-02,summer,1,7,0,Tuesday,1,1,32.048347,44.7083,13.082889,904,23.619873036173338
548,2019-07-03,summer,1,7,0,Wednesday,1,1,32.014153,49.2083,8.457879,1052,24.920131247830643
549,2019-07-04,summer,1,7,1,Thursday,0,1,32.355847,53.875,9.04165,2562,33.92946612672132
550,2019-07-05,summer,1,7,0,Friday,1,1,33.9275,45.7917,12.999943,1405,27.57897888865059
551,2019-07-06,summer,1,7,0,Saturday,0,1,33.961653,45.0833,9.791514,1366,27.309622582638667
552,2019-07-07,summer,1,7,0,Sunday,0,1,35.328347,49.2083,10.958118,1448,27.87006565125508
553,2019-07-08,summer,1,7,0,Monday,1,1,33.7225,57.375,8.417143,1203,26.12281173504856
554,2019-07-09,summer,1,7,0,Tuesday,1,2,29.144153,68.3333,12.125325,998,24.461232065389975
555,2019-07-10,summer,1,7,0,Wednesday,1,2,29.554153,66.75,10.166379,954,24.0745156716324
556,2019-07-11,summer,1,7,0,Thursday,1,1,29.383347,63.3333,10.166111,975,24.260581618875033
557,2019-07-12,summer,1,7,0,Friday,1,1,29.349153,52.9583,9.833925,1032,24.752100215488632
558,2019-07-13,summer,1,7,0,Saturday,0,2,29.998347,48.5833,5.41695,1511,28.285992374238177
559,2019-07-14,summer,1,7,0,Sunday,0,2,28.836653,69.9167,9.626493,2355,32.96549803081797
560,2019-07-15,summer,1,7,0,Monday,1,1,30.579153,71.7917,11.166689,1920,30.73141732555984
561,2019-07-16,summer,1,7,0,Tuesday,1,1,31.296653,64.5,11.000529,1088,25.217131935362787
562,2019-07-17,summer,1,7,0,Wednesday,1,1,33.551653,50.5833,7.666743,921,23.776349287746303
563,2019-07-18,summer,1,7,0,Thursday,1,1,32.526653,57.7083,9.208614,799,22.60556894823919
564,2019-07-19,summer,1,7,0,Friday,1,1,31.57,60.0417,11.083743,888,23.470741491686198
565,2019-07-20,summer,1,7,0,Saturday,0,2,27.299153,84.4167,14.000789,747,22.06897224785361
566,2019-07-21,summer,1,7,0,Sunday,0,3,24.429153,86.5417,14.2911,1264,26.57920359220883
567,2019-07-22,summer,1,7,0,Monday,1,2,27.3675,76.25,6.2926936,2544,33.84781719869342
568,2019-07-23,summer,1,7,0,Tuesday,1,1,30.408347,69.4167,9.291761,1135,25.594878439170266
569,2019-07-24,summer,1,7,0,Wednesday,1,1,30.784153,65.5,14.167418,1140,25.634426822164684
570,2019-07-25,summer,1,7,0,Thursday,1,1,29.690847,45.0,11.0416,1383,27.42767611838279
571,2019-07-26,summer,1,7,0,Friday,1,1,31.843347,59.6667,19.082471,1036,24.785884459991365
572,2019-07-27,summer,1,7,0,Saturday,0,1,32.048347,59.4583,10.250464,1259,26.54237183905966
573,2019-07-28,summer,1,7,0,Sunday,0,1,30.989153,61.3333,10.54245,2234,32.37474166505126
574,2019-07-29,summer,1,7,0,Monday,1,1,29.588347,62.375,11.416532,2153,31.96686882384164
575,2019-07-30,summer,1,7,0,Tuesday,1,1,29.964153,66.875,10.292339,1040,24.819579107604213
576,2019-07-31,summer,1,7,0,Wednesday,1,1,29.246653,70.4167,11.083475,968,24.198868608451622
577,2019-08-01,summer,1,8,0,Thursday,1,1,29.4175,67.75,9.458993,1074,25.102446665060327
578,2019-08-02,summer,1,8,0,Friday,1,1,30.8525,65.9583,8.666718,983,24.330738756661983
579,2019-08-03,summer,1,8,0,Saturday,0,2,31.399153,64.25,14.458064,1328,27.042036215941554
580,2019-08-04,summer,1,8,0,Sunday,0,1,32.526653,61.3333,17.249686,2345,32.91747761658201
581,2019-08-05,summer,1,8,0,Monday,1,1,31.535847,65.25,19.458207,1707,29.50819368277907
582,2019-08-06,summer,1,8,0,Tuesday,1,2,30.8525,65.4167,8.666718,1233,26.349207290733414
583,2019-08-07,summer,1,8,0,Wednesday,1,2,30.169153,70.375,7.832836,1278,26.681802238340037
584,2019-08-08,summer,1,8,0,Thursday,1,2,30.75,67.2917,7.4169,1263,26.571845268677766
585,2019-08-09,summer,1,8,0,Friday,1,1,30.989153,62.0417,10.4587,1196,26.069428560801942
586,2019-08-10,summer,1,8,0,Saturday,0,2,29.349153,71.5833,16.000471,1065,25.028176432676553
587,2019-08-11,summer,1,8,0,Sunday,0,2,28.3925,73.2917,13.834093,2247,32.43925099318194
588,2019-08-12,summer,1,8,0,Monday,1,1,28.734153,53.0417,8.208304,2182,32.1140914645616
589,2019-08-13,summer,1,8,0,Tuesday,1,1,29.554153,54.5417,9.126204,1207,26.153220541278685
590,2019-08-14,summer,1,8,0,Wednesday,1,1,29.793347,68.6667,11.333586,1128,25.53930888594314
591,2019-08-15,summer,1,8,0,Thursday,1,1,28.973347,61.9583,11.374657,1198,26.08470277573263
592,2019-08-16,summer,1,8,0,Friday,1,1,29.485847,51.9167,9.500332,1338,27.112958978368034
593,2019-08-17,summer,1,8,0,Saturday,0,1,29.656653,57.0833,15.500718,1483,28.1026380523727
594,2019-08-18,summer,1,8,0,Sunday,0,1,27.811653,60.3333,11.917089,2827,35.088278596241295
595,2019-08-19,summer,1,8,0,Monday,1,2,26.069153,71.1667,5.79215,1208,26.160811910093877
596,2019-08-20,summer,1,8,0,Tuesday,1,2,26.069153,73.4167,8.708593,1026,24.70125456902106
597,2019-08-21,summer,1,8,0,Wednesday,1,1,26.615847,67.375,4.8756436,1081,25.159916996099998
598,2019-08-22,summer,1,8,0,Thursday,1,1,27.3675,67.7083,4.7089811,1094,25.265972139737382
599,2019-08-23,summer,1,8,0,Friday,1,1,28.529153,63.5833,5.6679186,1363,27.288684865354206
600,2019-08-24,summer,1,8,0,Saturday,0,2,28.8025,61.5,4.8337686,1325,27.020687786953566
601,2019-08-25,summer,1,8,0,Sunday,0,2,27.128347,71.2917,16.375336,1829,30.22085947493377
602,2019-08-26,summer,1,8,0,Monday,1,2,26.786653,84.5833,15.333486,1483,28.1026380523727
603,2019-08-27,summer,1,8,0,Tuesday,1,1,28.836653,73.0417,8.625111,989,24.383099323185924
604,2019-08-28,summer,1,8,0,Wednesday,1,1,29.861653,62.0,12.791975,935,23.903727107194022
605,2019-08-29,summer,1,8,0,Thursday,1,1,28.085,55.2083,7.541654,1177,25.923439746275267
606,2019-08-30,summer,1,8,0,Friday,1,1,28.973347,59.0417,5.1668189,1172,25.884752540410414
607,2019-08-31,summer,1,8,0,Saturday,0,1,31.330847,58.75,11.291711,1433,27.76920745153941
608,2019-09-01,summer,1,9,0,Sunday,0,2,30.886653,63.8333,7.583529,2352,32.95110665659351
609,2019-09-02,summer,1,9,1,Monday,0,2,28.563347,81.5,4.2927436,2613,34.15868258320773
610,2019-09-03,summer,1,9,0,Tuesday,1,1,29.0075,79.0833,10.125107,1965,30.977756760975808
611,2019-09-04,summer,1,9,0,Wednesday,1,1,29.759153,75.5,15.833507,867,23.272174931155483
612,2019-09-05,summer,1,9,0,Thursday,1,1,30.203347,74.125,12.583136,832,22.933747855818122
613,2019-09-06,summer,1,9,0,Friday,1,2,28.563347,81.0417,9.542207,611,20.532008489728483
614,2019-09-07,summer,1,9,0,Saturday,0,1,28.836653,73.625,11.500282,1045,24.8615723058144
615,2019-09-08,summer,1,9,0,Sunday,0,2,27.025847,79.9167,18.833968,1557,28.582209054077072
616,2019-09-09,summer,1,9,0,Monday,1,1,25.01,54.75,15.041232,2570,33.965627922094676
617,2019-09-10,summer,1,9,0,Tuesday,1,1,23.916653,50.375,17.333771,1118,25.459510870448643
618,2019-09-11,summer,1,9,0,Wednesday,1,1,23.6775,52.0,6.1676314,1070,25.069490728614646
619,2019-09-12,summer,1,9,0,Thursday,1,1,24.565847,57.7083,8.833682,1050,24.903427537398773
620,2019-09-13,summer,1,9,0,Friday,1,1,25.1125,63.7083,5.5422936,1054,24.93681313110365
621,2019-09-14,summer,1,9,1,Saturday,0,1,25.966653,67.25,6.958821,1379,27.399988997135072
622,2019-09-15,summer,1,9,0,Sunday,0,1,24.941653,50.1667,16.583907,3160,36.44295582368335
623,2019-09-16,summer,1,9,0,Monday,1,1,23.78,57.0,6.0422811,2166,32.03303278122349
624,2019-09-17,summer,1,9,0,Tuesday,1,2,23.814153,73.4583,10.166714,1022,24.667243751090826
625,2019-09-18,summer,1,9,0,Wednesday,1,2,25.556653,87.25,23.958329,371,17.108551782074017
626,2019-09-19,summer,1,9,0,Thursday,1,1,22.6525,53.6667,14.416725,788,22.494106672360417
627,2019-09-20,summer,1,9,0,Friday,1,1,22.413347,61.8333,7.917189,939,23.939879615299713
628,2019-09-21,summer,1,9,0,Saturday,0,1,24.565847,66.875,10.333343,1250,26.475820354972843
629,2019-09-22,summer,1,9,0,Sunday,0,1,26.65,64.6667,19.000061,2512,33.70167699587485
630,2019-09-23,autumn,1,9,0,Monday,1,1,21.695847,46.7083,14.958286,2454,33.433500450638896
631,2019-09-24,autumn,1,9,0,Tuesday,1,1,21.080847,49.2917,9.541068,1001,24.48716858907611
632,2019-09-25,autumn,1,9,0,Wednesday,1,1,22.55,57.0,15.833507,845,23.060572275179137
633,2019-09-26,autumn,1,9,0,Thursday,1,1,26.035,63.0833,16.3748,787,22.483920795639833
634,2019-09-27,autumn,1,9,0,Friday,1,2,26.65,69.0833,9.000914,751,22.111144929528436
635,2019-09-28,autumn,1,9,0,Saturday,0,2,25.385847,69.0,10.999993,1045,24.8615723058144
636,2019-09-29,autumn,1,9,0,Sunday,0,1,22.2425,54.2917,15.249468,2589,34.05120297003666
637,2019-09-30,autumn,1,9,0,Monday,1,1,21.593347,58.3333,9.042186,2015,31.246958048252107
638,2019-10-01,autumn,1,10,0,Tuesday,1,2,21.354153,64.9167,6.0838814,763,22.23674320123708
639,2019-10-02,autumn,1,10,0,Wednesday,1,3,24.224153,87.1667,6.999825,315,16.09695195511669
640,2019-10-03,autumn,1,10,0,Thursday,1,2,26.9575,79.375,4.4585686,728,21.866502587988613
641,2019-10-04,autumn,1,10,0,Friday,1,2,26.9575,72.2917,7.875582,891,23.498843615826907
642,2019-10-05,autumn,1,10,0,Saturday,0,1,25.215,62.75,7.12545,1516,28.318487761089763
643,2019-10-06,autumn,1,10,0,Sunday,0,1,22.720847,66.4167,17.957675,3031,35.93039055237249
644,2019-10-07,autumn,1,10,0,Monday,1,2,17.049153,70.8333,9.457854,781,22.422617844087025
645,2019-10-08,autumn,1,10,0,Tuesday,1,2,15.716653,70.9583,12.708493,874,23.338727764136053
646,2019-10-09,autumn,1,10,0,Wednesday,1,2,18.313347,76.1667,12.7501,601,20.410036806996043
647,2019-10-10,autumn,1,10,0,Thursday,1,1,21.080847,63.0833,12.584007,780,22.412369223523484
648,2019-10-11,autumn,1,10,0,Friday,1,1,17.835,46.3333,12.166932,834,22.953347596990593
649,2019-10-12,autumn,1,10,0,Saturday,0,1,17.9375,53.9167,15.751164,1060,24.986728514783138
650,2019-10-13,autumn,1,10,0,Sunday,0,1,16.126653,49.4583,9.791514,2252,32.46399392152524
651,2019-10-14,autumn,1,10,0,Monday,1,1,21.388347,64.0417,18.667004,2080,31.590136415848388
652,2019-10-15,autumn,1,10,0,Tuesday,1,2,23.028347,70.75,19.834479,760,22.20547172828547
653,2019-10-16,autumn,1,10,0,Wednesday,1,1,19.201653,55.8333,12.208807,922,23.78549169535159
654,2019-10-17,autumn,1,10,0,Thursday,1,1,18.689153,69.2917,6.791857,979,24.295709476094107
655,2019-10-18,autumn,1,10,0,Friday,1,2,21.4225,72.8333,15.874779,1008,24.547479911540727
656,2019-10-19,autumn,1,10,0,Saturday,0,2,23.096653,81.5,9.041918,753,22.13217335515326
657,2019-10-20,autumn,1,10,0,Sunday,0,1,19.850847,57.2917,7.874979,2806,34.99924433427182
658,2019-10-21,autumn,1,10,0,Monday,1,1,19.030847,51.0,11.125618,2132,31.859405711326442
659,2019-10-22,autumn,1,10,0,Tuesday,1,1,19.9875,56.8333,5.4593811,830,22.914115682910097
660,2019-10-23,autumn,1,10,0,Wednesday,1,1,22.310847,64.1667,6.3345686,841,23.021693177184783
661,2019-10-24,autumn,1,10,0,Thursday,1,1,24.0875,63.625,4.8762064,795,22.565160043746044
662,2019-10-25,autumn,1,10,0,Friday,1,2,22.55,80.0417,8.333125,875,23.34820535085994
663,2019-10-26,autumn,1,10,0,Saturday,0,2,22.379153,80.7083,8.875289,1182,25.962014081259547
664,2019-10-27,autumn,1,10,0,Sunday,0,2,21.73,72.0,15.791364,2643,34.29208150790856
665,2019-10-28,autumn,1,10,0,Monday,1,2,19.5775,69.4583,26.666536,998,24.461232065389975
666,2019-10-29,autumn,1,10,0,Tuesday,1,3,18.04,88.0,23.9994,2,0.77386542450115
667,2019-10-30,autumn,1,10,0,Wednesday,1,2,13.045462,82.5455,14.271603,87,9.712008090554807
668,2019-10-31,autumn,1,10,0,Thursday,1,2,14.6575,66.6667,11.166689,419,17.894959624667663
669,2019-11-01,autumn,1,11,0,Friday,1,2,14.999153,58.1667,10.542182,466,18.607012194336203
670,2019-11-02,autumn,1,11,0,Saturday,0,1,14.555,52.2083,17.833725,618,20.616574036363005
671,2019-11-03,autumn,1,11,0,Sunday,0,2,14.076653,49.125,18.125443,1029,24.72670288131952
672,2019-11-04,autumn,1,11,0,Monday,1,1,13.359153,53.2917,12.000236,1201,26.107581248216785
673,2019-11-05,autumn,1,11,0,Tuesday,1,1,13.085847,49.4167,15.833775,378,17.227434939264338
674,2019-11-06,autumn,1,11,0,Wednesday,1,1,11.514153,56.7083,11.625371,466,18.607012194336203
675,2019-11-07,autumn,1,11,0,Thursday,1,2,12.129153,54.75,20.375236,326,16.304894378972723
676,2019-11-08,autumn,1,11,0,Friday,1,1,14.439134,33.3478,23.304945,340,16.562682229548383
677,2019-11-09,autumn,1,11,0,Saturday,0,1,14.828347,54.0833,14.375386,709,21.660365122360346
678,2019-11-10,autumn,1,11,0,Sunday,0,1,15.955847,64.5417,3.8756686,2090,31.64227564714752
679,2019-11-11,autumn,1,11,1,Monday,0,1,17.254153,65.9167,8.5425,2290,32.65081639940226
680,2019-11-12,autumn,1,11,0,Tuesday,1,1,19.885,74.1667,11.625639,1097,25.290323178427812
681,2019-11-13,autumn,1,11,0,Wednesday,1,2,14.076653,66.2917,22.917082,327,16.32355755891178
682,2019-11-14,autumn,1,11,0,Thursday,1,1,11.855847,55.2083,13.374875,373,17.142674706414564
683,2019-11-15,autumn,1,11,0,Friday,1,2,13.188347,62.0417,10.250129,320,16.192080315721185
684,2019-11-16,autumn,1,11,0,Saturday,0,1,14.145,52.4583,11.458675,484,18.866614970487117
685,2019-11-17,autumn,1,11,0,Sunday,0,1,13.325,54.5417,12.041843,1313,26.934960083565056
686,2019-11-18,autumn,1,11,0,Monday,1,1,14.0425,69.2917,15.250004,922,23.78549169535159
687,2019-11-19,autumn,1,11,0,Tuesday,1,2,15.614153,62.3333,15.749489,449,18.355419959790797
688,2019-11-20,autumn,1,11,0,Wednesday,1,2,15.340847,68.5,5.542575,534,19.55452135311981
689,2019-11-21,autumn,1,11,0,Thursday,1,1,14.486653,61.375,6.917482,615,20.58041275201532
690,2019-11-22,autumn,1,11,0,Friday,1,1,13.94,58.0417,3.5423436,955,24.083439491491674
691,2019-11-23,autumn,1,11,0,Saturday,0,1,15.101653,56.875,9.917407,1603,28.8724662121849
692,2019-11-24,autumn,1,11,0,Sunday,0,1,11.411653,40.4583,25.250357,532,19.527875813336856
693,2019-11-25,autumn,1,11,0,Monday,1,1,10.079153,46.8333,10.0835,309,15.981416967663872
694,2019-11-26,autumn,1,11,0,Tuesday,1,1,12.846653,53.5417,3.12555,337,16.508065339839053
695,2019-11-27,autumn,1,11,0,Wednesday,1,2,11.958347,78.6667,15.916654,123,11.18654214701248
696,2019-11-28,autumn,1,11,1,Thursday,0,1,12.163347,50.625,14.125007,198,13.492522771895828
697,2019-11-29,autumn,1,11,0,Friday,1,1,11.51567,55.5652,7.739974,243,14.594890779071381
698,2019-11-30,autumn,1,11,0,Saturday,0,1,12.231653,64.9583,3.9175436,362,16.953413106041463
699,2019-12-01,autumn,1,12,0,Sunday,0,2,12.231653,80.6667,4.0001814,951,24.04770555071455
700,2019-12-02,autumn,1,12,0,Monday,1,2,14.2475,82.3333,8.333393,892,23.508196527161665
701,2019-12-03,autumn,1,12,0,Tuesday,1,1,18.5525,76.75,5.5422936,555,19.83024151966261
702,2019-12-04,autumn,1,12,0,Wednesday,1,1,19.509153,73.375,11.666643,551,19.778283550377676
703,2019-12-05,autumn,1,12,0,Thursday,1,1,17.971653,48.5,21.709407,331,16.39782015107092
704,2019-12-06,autumn,1,12,0,Friday,1,1,10.489153,50.875,11.708518,340,16.562682229548383
705,2019-12-07,autumn,1,12,0,Saturday,0,2,13.154153,76.4167,8.7502,349,16.724569505994513
706,2019-12-08,autumn,1,12,0,Sunday,0,2,15.648347,91.125,6.792393,1153,25.73669730813477
707,2019-12-09,autumn,1,12,0,Monday,1,2,15.750847,90.5417,10.584325,441,18.234752298151058
708,2019-12-10,autumn,1,12,0,Tuesday,1,2,17.869153,92.5,12.750636,329,16.360766479833238
709,2019-12-11,autumn,1,12,0,Wednesday,1,2,14.486653,59.6667,19.834479,282,15.441504255893323
710,2019-12-12,autumn,1,12,0,Thursday,1,2,12.1975,53.8333,10.916779,310,16.00077930607412
711,2019-12-13,autumn,1,12,0,Friday,1,1,12.129153,48.5833,11.666643,425,17.988824134122748
712,2019-12-14,autumn,1,12,0,Saturday,0,1,11.548347,64.2917,8.792343,429,18.050895232968436
713,2019-12-15,autumn,1,12,0,Sunday,0,1,13.290847,65.0417,7.12545,767,22.27830722432233
714,2019-12-16,autumn,1,12,0,Monday,1,2,14.8625,83.875,6.749714,538,19.60760721314577
715,2019-12-17,autumn,1,12,0,Tuesday,1,2,16.126653,90.7083,6.5833061,212,13.852465404533469
716,2019-12-18,autumn,1,12,0,Wednesday,1,1,16.844153,66.625,14.834068,433,18.11256954035676
717,2019-12-19,autumn,1,12,0,Thursday,1,1,13.6325,62.5417,12.334164,333,16.434720152611323
718,2019-12-20,autumn,1,12,0,Friday,1,2,13.53,66.7917,8.875021,314,16.077801865580316
719,2019-12-21,winter,1,12,0,Saturday,0,2,13.393347,55.6667,25.083661,221,14.075300062683299
720,2019-12-22,winter,1,12,0,Sunday,0,1,10.899153,44.125,27.292182,205,13.674607891314325
721,2019-12-23,winter,1,12,0,Monday,1,1,10.079153,51.5417,8.916561,408,17.720445174069173
722,2019-12-24,winter,1,12,0,Tuesday,1,2,9.483464,79.1304,5.1744368,174,12.832404849813082
723,2019-12-25,winter,1,12,1,Wednesday,0,2,11.943464,73.4783,11.304642,440,18.21956326306046
724,2019-12-26,winter,1,12,0,Thursday,1,3,9.976653,82.3333,21.208582,9,3.157336502299259
725,2019-12-27,winter,1,12,0,Friday,1,2,10.420847,65.2917,23.458911,247,14.685846444919225
726,2019-12-28,winter,1,12,0,Saturday,0,2,10.386653,59.0,10.416557,644,20.925025638650855
727,2019-12-29,winter,1,12,0,Sunday,0,2,10.386653,75.2917,8.333661,159,12.387360302178706
728,2019-12-30,winter,1,12,0,Monday,1,1,10.489153,48.3333,23.500518,364,16.988115687785964
729,2019-12-31,winter,1,12,0,Tuesday,1,2,8.849153,57.75,10.374682,439,18.204350466623477
