,dteday,season,yr,mnth,holiday,weekday,workingday,weathersit,temp,hum,windspeed,registered,season_encoding,mnth_encoding,holiday_encoding,weekday_encoding,workingday_encoding,weathersit_encoding
0,2018-01-01,winter,0,1,1,Monday,0,2,-0.4862737039587512,0.855581878146651,-0.2089088230879409,654,1,1.0,0,1,1,2.0
1,2018-01-02,winter,0,1,0,Tuesday,1,2,-0.4256900795138502,0.3327223157210185,0.6875500863711644,670,1,1.0,1,1,1,2.0
2,2018-01-03,winter,0,1,0,Wednesday,1,1,-0.9499701176001843,-0.900337429414364,0.6852095422964299,1229,1,1.0,1,2,1,2.3
3,2018-01-04,winter,0,1,0,Thursday,1,1,-0.9385630408832012,-0.17063232580936,-0.2104352648758112,1454,1,1.0,1,2,1,2.3
4,2018-01-05,winter,0,1,0,Friday,1,1,-0.853991927830475,-0.9018429386969482,0.0602944506208801,1518,1,1.0,1,2,1,2.3
5,2018-01-06,winter,0,1,0,Saturday,0,1,-0.9249222351721336,-0.5144887402436686,-0.9302115902724952,1518,1,1.0,1,2,1,2.3
6,2018-01-07,winter,0,1,0,Sunday,0,2,-0.9494744305481264,-0.607701680477094,-0.1246492363974957,1362,1,1.0,1,2,1,2.0
7,2018-01-08,winter,0,1,0,Monday,1,2,-1.0483671346935444,-0.4307709898842639,0.8734198147408484,891,1,1.0,1,1,1,2.0
8,2018-01-09,winter,0,1,0,Tuesday,1,1,-1.1320284423975566,-0.9151352516666011,1.8416520170656192,768,1,1.0,1,1,1,2.3
9,2018-01-10,winter,0,1,0,Wednesday,1,1,-1.0928126946081482,-0.682877094938797,0.4303751739507619,1280,1,1.0,1,2,1,2.3
10,2018-01-11,winter,0,1,0,Thursday,1,2,-1.035532604757027,0.2863993196622606,-0.5988027608243804,1220,1,1.0,1,2,1,2.0
11,2018-01-12,winter,0,1,0,Friday,1,1,-1.024125528040044,-0.1272298271880205,1.2583171996916585,1137,1,1.0,1,2,1,2.3
12,2018-01-13,winter,0,1,0,Saturday,0,1,-1.0483671346935444,-0.7424304684587467,1.221407837260953,1368,1,1.0,1,2,1,2.3
13,2018-01-14,winter,0,1,0,Sunday,0,1,-1.061324017763165,-0.421275800010243,-0.5538643145894762,1367,1,1.0,1,2,1,2.3
14,2018-01-15,winter,0,1,1,Monday,0,2,-0.8339887591980535,-0.6074444099034877,-0.2341765228164887,1026,1,1.0,0,1,1,2.0
15,2018-01-16,winter,0,1,0,Tuesday,1,1,-0.8392154340634258,-0.6789084581274275,0.0758946856929156,953,1,1.0,1,1,1,2.3
16,2018-01-17,winter,0,1,0,Wednesday,1,2,-1.0143811990293317,-0.4228289519916434,0.1327190253160369,883,1,1.0,1,2,1,2.0
17,2018-01-18,winter,0,1,0,Thursday,1,2,-0.8862743314107158,1.1215901227156817,-0.3480287276344476,674,1,1.0,1,2,1,2.0
18,2018-01-19,winter,0,1,0,Friday,1,2,-0.6493892539439277,0.5502207643556386,0.2782398090930136,1572,1,1.0,1,2,1,2.0
19,2018-01-20,winter,0,1,0,Saturday,0,2,-0.745097639368846,-0.4188603151802739,0.1519216630074464,1844,1,1.0,1,2,1,2.0
20,2018-01-21,winter,0,1,0,Sunday,0,1,-1.0091513869041362,-0.8059572430599474,1.7530369831404506,1468,1,1.0,1,2,1,2.3
21,2018-01-22,winter,0,1,0,Monday,1,1,-1.3805075772667876,-1.077916060711091,-0.091637388665152,888,1,1.0,1,1,1,2.3
22,2018-01-23,winter,0,1,0,Tuesday,1,1,-1.2632013540413396,-0.9039153960954424,0.6678182821932935,836,1,1.0,1,1,1,2.3
23,2018-01-24,winter,0,1,0,Wednesday,1,1,-1.260473192899126,-0.640846706043357,-0.2304418285754991,1330,1,1.0,1,2,1,2.3
24,2018-01-25,winter,0,1,0,Thursday,1,2,-0.8649064547552231,-0.0442743600096713,-0.5208117617427894,1799,1,1.0,1,2,1,2.0
25,2018-01-26,winter,0,1,0,Friday,1,3,-0.8836609939780297,1.1255587595270509,1.1486474453724649,472,1,1.0,1,2,1,1.0
26,2018-01-27,winter,0,1,0,Saturday,0,1,-0.9542493399989646,0.2918115302477539,-0.6832149916936125,416,1,1.0,1,2,1,2.3
27,2018-01-28,winter,0,1,0,Sunday,0,2,-0.9276516512182764,0.7946468663610385,-0.5869168674361628,1129,1,1.0,1,2,1,2.0
28,2018-01-29,winter,0,1,0,Monday,1,1,-0.9494744305481264,0.1214364750120001,-0.3623772804404294,975,1,1.0,1,1,1,2.3
29,2018-01-30,winter,0,1,0,Tuesday,1,1,-0.886729234085073,0.4570078241222129,-1.0887844689636224,956,1,1.0,1,1,1,2.3
30,2018-01-31,winter,0,1,0,Wednesday,1,2,-0.9986948999135684,-0.1071960723359096,0.0632659239679345,1459,1,1.0,1,2,1,2.0
31,2018-02-01,winter,0,2,0,Thursday,1,2,-0.963115236259194,0.9686475309766874,-1.3001417046793071,1313,1,1.22,1,2,1,2.0
32,2018-02-02,winter,0,2,0,Friday,1,2,-0.7503274514940415,0.7106718454280282,0.8480198233906848,1454,1,1.22,1,2,1,2.0
33,2018-02-03,winter,0,2,0,Saturday,0,1,-0.9794823207565814,-0.8977027881698413,0.9848297126982144,1489,1,1.22,1,2,1,2.3
34,2018-02-04,winter,0,2,0,Sunday,0,2,-0.9030994558422836,-0.1954922860515278,-0.5407267389352051,1620,1,1.22,1,2,1,2.0
35,2018-02-05,winter,0,2,0,Monday,1,2,-0.8339887591980535,1.4431783397234104,-0.2024672387431277,905,1,1.22,1,1,1,2.0
36,2018-02-06,winter,0,2,0,Tuesday,1,1,-0.6692826184825387,-0.2759322187323944,-0.3986557135988154,1269,1,1.22,1,1,1,2.3
37,2018-02-07,winter,0,2,0,Wednesday,1,1,-0.7137250411373194,0.5339936611389222,-1.3795645061579207,1592,1,1.22,1,2,1,2.3
38,2018-02-08,winter,0,2,0,Thursday,1,1,-0.8732045069874619,-0.4208422514510179,1.8416520170656192,1466,1,1.22,1,2,1,2.3
39,2018-02-09,winter,0,2,0,Friday,1,2,-1.1431657147697487,-0.6263442685237791,0.0800262547987513,1552,1,1.22,1,2,1,2.0
40,2018-02-10,winter,0,2,0,Saturday,0,1,-1.1131578245612932,-0.8997752455683355,0.416820370874473,1491,1,1.22,1,2,1,2.3
41,2018-02-11,winter,0,2,0,Sunday,0,1,-0.9727874082939736,-0.5711692590250158,-0.7370169765767508,1597,1,1.22,1,2,1,2.3
42,2018-02-12,winter,0,2,0,Monday,1,1,-0.8679746948622663,-0.3910655646910431,0.2278672300932909,1184,1,1.22,1,1,1,2.3
43,2018-02-13,winter,0,2,0,Tuesday,1,1,-0.5730032517698066,-0.804489847936416,0.8131660692343115,1192,1,1.22,1,1,1,2.3
44,2018-02-14,winter,0,2,0,Wednesday,1,1,-0.2640521789053785,-1.193054170939621,2.411096214169959,1705,1,1.22,1,2,1,2.3
45,2018-02-15,winter,0,2,0,Thursday,1,1,-0.7312309509505113,-1.48598530460955,1.1234509795940175,1675,1,1.22,1,2,1,2.3
46,2018-02-16,winter,0,2,0,Friday,1,1,-0.5675475569373442,-0.9660605324309806,0.7206433443321946,1897,1,1.22,1,2,1,2.3
47,2018-02-17,winter,0,2,0,Saturday,0,1,-0.198693645009639,-0.5776677231435129,0.4999503906418943,2216,1,1.22,1,2,1,2.3
48,2018-02-18,winter,0,2,0,Sunday,0,1,0.0705899146508465,-0.5220829864349326,0.8542985872781251,2348,1,1.22,1,2,1,2.3
49,2018-02-19,winter,0,2,1,Monday,0,1,-0.3137244136853548,-2.088336710009612,3.3224328429215078,1103,1,1.22,0,1,1,2.3
50,2018-02-20,winter,0,2,0,Tuesday,1,1,-0.6712151705336008,-1.0406308846177208,0.4300495330360163,1173,1,1.22,1,1,1,2.3
51,2018-02-21,winter,0,2,0,Wednesday,1,2,-0.6143805715773671,-0.1012407349839146,1.2910746404593574,912,1,1.22,1,2,1,2.0
52,2018-02-22,winter,0,2,0,Thursday,1,1,-0.9943372460192094,-0.2309336897007205,0.1496727054399841,1376,1,1.22,1,2,1,2.3
53,2018-02-23,winter,0,2,0,Friday,1,1,-0.8703621495876855,-0.9681329898294748,-0.8839319105199824,1778,1,1.22,1,2,1,2.3
54,2018-02-24,winter,0,2,0,Saturday,0,2,-0.6384778642790027,0.3389349236466195,0.7074650635635803,1707,1,1.22,1,2,1,2.0
55,2018-02-25,winter,0,2,0,Sunday,0,2,-0.4229606634677072,0.4093651253062531,1.6848253877798156,1341,1,1.22,1,2,1,2.0
56,2018-02-26,winter,0,2,0,Monday,1,1,-0.6797391054731066,-0.4208422514510179,0.056946454966151,1545,1,1.22,1,1,1,2.3
57,2018-02-27,winter,0,2,0,Tuesday,1,1,-0.4884352759769033,0.256079506135784,-0.5670934767510194,1708,1,1.22,1,1,1,2.3
58,2018-02-28,winter,0,2,0,Wednesday,1,2,-0.2882937855588792,1.191610597165497,1.1062734213411825,1365,1,1.22,1,2,1,2.0
59,2018-03-01,winter,0,3,0,Thursday,1,1,-0.7294113402530827,-0.4347396266956334,0.3607490758667008,1714,1,1.42,1,2,1,2.3
60,2018-03-02,winter,0,3,0,Friday,1,1,-0.5150329647575917,-0.8416892671719174,1.2909423488377418,1903,1,1.42,1,2,1,2.3
61,2018-03-03,winter,0,3,0,Saturday,0,1,-0.9437928530083968,-1.46699968913139,0.4556835787936529,1562,1,1.42,1,2,1,2.3
62,2018-03-04,winter,0,3,0,Sunday,0,2,-0.745097639368846,-0.0754326850353092,0.227653528242989,1730,1,1.42,1,2,1,2.0
63,2018-03-05,winter,0,3,0,Monday,1,2,-0.3607833110326446,0.776180556299973,0.7214574466190588,1437,1,1.42,1,1,1,2.0
64,2018-03-06,winter,0,3,0,Tuesday,1,2,-0.3847676623806467,1.5341473088426036,1.651732129818786,491,1,1.42,1,1,1,2.0
65,2018-03-07,winter,0,3,0,Wednesday,1,1,-0.744871756661579,-0.3570629705460924,1.632041030755258,1628,1,1.42,1,2,1,2.3
66,2018-03-08,winter,0,3,0,Thursday,1,1,-0.64836650724158,-0.978662026267802,-0.6138840056885396,1817,1,1.42,1,2,1,2.3
67,2018-03-09,winter,0,3,0,Friday,1,2,-0.6379100202510121,0.7106718454280282,0.3986557135988154,1700,1,1.42,1,2,1,2.0
68,2018-03-10,winter,0,3,0,Saturday,0,3,-0.3453354436634409,-2.983624013349484,0.8232812901485991,577,1,1.42,1,2,1,1.0
69,2018-03-11,winter,0,3,0,Sunday,0,2,-0.5730032517698066,0.1110789522894105,0.5291156050688044,1730,1,1.42,1,2,1,2.0
70,2018-03-12,winter,0,3,0,Monday,1,1,-0.5333326013060412,-0.1508701343404999,0.4050158877149422,1408,1,1.42,1,1,1,2.3
71,2018-03-13,winter,0,3,0,Tuesday,1,1,-0.360215467004654,-0.4709909562246971,0.912089673366898,1435,1,1.42,1,1,1,2.3
72,2018-03-14,winter,0,3,0,Wednesday,1,1,-0.5457247776074942,-0.6159867458011893,-0.4482548954260172,1687,1,1.42,1,2,1,2.3
73,2018-03-15,winter,0,3,0,Thursday,1,2,-0.5702769729834869,0.1400790630586852,0.0339277128050658,1767,1,1.42,1,2,1,2.0
74,2018-03-16,winter,0,3,0,Friday,1,2,-0.4202343846813877,0.7159363636471912,0.2253231604468403,1871,1,1.42,1,2,1,2.0
75,2018-03-17,winter,0,3,0,Saturday,0,1,-0.2640521789053785,-0.1111647091472791,0.2910822726682965,2320,1,1.42,1,2,1,2.3
76,2018-03-18,winter,0,3,0,Sunday,0,1,0.1281052989887044,-0.4813484789472868,0.509241332990732,2355,1,1.42,1,2,1,2.3
77,2018-03-19,winter,0,3,0,Monday,1,1,-0.0836597390741005,-1.1771700951543802,1.9049179410335535,1693,1,1.42,1,1,1,2.3
78,2018-03-20,winter,0,3,0,Tuesday,1,1,-0.5228761143154733,-0.7265511569433873,0.2721747470558752,1424,1,1.42,1,1,1,2.3
79,2018-03-21,spring,0,3,0,Wednesday,1,2,-0.2156285735350171,0.5295057189104587,1.097084241778203,1676,2,1.42,1,2,1,2.0
80,2018-03-22,spring,0,3,0,Thursday,1,1,-0.1803908712013666,-0.0079420378926204,0.4556428736793097,2243,2,1.42,1,2,1,2.3
81,2018-03-23,spring,0,3,0,Friday,1,2,-0.4775207490521553,1.0162902297926473,0.5422531807230754,1918,2,1.42,1,2,1,2.0
82,2018-03-24,spring,0,3,0,Saturday,0,2,-0.6718959559152248,0.855581878146651,0.6391924105314309,1699,2,1.42,1,2,1,2.0
83,2018-03-25,spring,0,3,0,Sunday,0,1,-0.7372544898109643,-0.6253104219594727,0.5062698596436775,1910,2,1.42,1,2,1,2.3
84,2018-03-26,spring,0,3,0,Monday,1,1,-0.732027814945592,-1.1057060469304405,0.2910008624396101,1515,2,1.42,1,1,1,2.3
85,2018-03-27,spring,0,3,0,Tuesday,1,2,-0.7721533680837146,-0.6304891833207674,0.0338361262977935,1221,2,1.42,1,1,1,2.0
86,2018-03-28,spring,0,3,0,Wednesday,1,1,-0.7366866457829737,-1.5439855261480997,0.3177950039560282,1806,2,1.42,1,2,1,2.3
87,2018-03-29,spring,0,3,0,Thursday,1,1,-0.6169939090100532,-1.486847637458119,0.4683225167972197,2108,2,1.42,1,2,1,2.3
88,2018-03-30,spring,0,3,0,Friday,1,2,-0.6248370585679348,0.0972720981725454,-0.0822955649233853,1368,2,1.42,1,2,1,2.0
89,2018-03-31,spring,0,3,0,Saturday,0,3,-0.7241846653877103,1.391562239826199,0.3731743120199657,1506,2,1.42,1,2,1,1.0
90,2018-04-01,spring,0,4,0,Sunday,0,2,-0.6248370585679348,0.2858561928957589,0.7910326633101906,1920,2,2.05,1,2,1,2.0
91,2018-04-02,spring,0,4,0,Monday,1,2,-0.577778161220645,0.1310174217438895,0.1645606010110131,1354,2,2.05,1,1,1,2.0
92,2018-04-03,spring,0,4,0,Tuesday,1,1,-0.3790860848409172,-0.6967744701834124,0.0125982328892235,1598,2,2.05,1,1,1,2.3
93,2018-04-04,spring,0,4,0,Wednesday,1,1,0.2326795806738521,-0.9528539763191964,2.082025893540861,2381,2,2.05,1,2,1,2.3
94,2018-04-05,spring,0,4,0,Thursday,1,2,-0.2666655163380647,0.0754326850353089,2.107425884891025,1628,2,2.05,1,2,1,2.0
95,2018-04-06,spring,0,4,0,Friday,1,1,-0.3398703370515091,-0.7404485321880028,0.8353503565513609,2395,2,2.05,1,2,1,2.3
96,2018-04-07,spring,0,4,0,Saturday,0,1,-0.1934638328844436,-0.1111647091472791,-0.1899198872468331,2570,2,2.05,1,2,1,2.3
97,2018-04-08,spring,0,4,0,Sunday,0,2,-0.5124196273249055,1.0004966751351565,0.4682818116828764,1299,2,2.05,1,2,1,2.0
98,2018-04-09,spring,0,4,0,Monday,1,2,-0.4915035160839466,1.1970228077509906,-0.4873623340312565,1576,2,2.05,1,1,1,2.0
99,2018-04-10,spring,0,4,0,Tuesday,1,2,-0.2274497685486564,1.101737410119071,-0.3481101378631341,1707,2,2.05,1,1,1,2.0
100,2018-04-11,spring,0,4,0,Wednesday,1,2,0.3027000826667963,0.4321478638800451,1.460285800784082,2493,2,2.05,1,2,1,2.0
101,2018-04-12,spring,0,4,0,Thursday,1,2,0.0104580556204794,0.5379670622201738,0.9555932643212044,1777,2,2.05,1,2,1,2.0
102,2018-04-13,spring,0,4,0,Friday,1,2,-0.2718953284632601,0.9191086527478524,0.7086963932724623,1953,2,2.05,1,2,1,2.0
103,2018-04-14,spring,0,4,0,Saturday,0,1,-0.0993460381898636,-0.408931576747028,-0.7151379776172753,2738,2,2.05,1,2,1,2.3
104,2018-04-15,spring,0,4,0,Sunday,0,1,-0.1647045720856031,0.2143921446718192,0.4620030477954365,2484,2,2.05,1,2,1,2.3
105,2018-04-16,spring,0,4,1,Monday,0,3,-0.2143799441254025,1.2486341433783197,1.6265051352045814,674,2,2.05,0,1,1,1.0
106,2018-04-17,spring,0,4,0,Tuesday,1,1,-0.1333319738540765,-0.6987611707240379,1.246807828611116,2186,2,2.05,1,1,1,2.3
107,2018-04-18,spring,0,4,0,Wednesday,1,1,0.041830653852006,-0.3990076025836635,-0.1771486576216509,2760,2,2.05,1,2,1,2.3
108,2018-04-19,spring,0,4,0,Thursday,1,2,0.0209145426110474,0.1885840947232135,-0.2340951125878022,2795,2,2.05,1,2,1,2.0
109,2018-04-20,spring,0,4,0,Friday,1,1,0.3006545892621008,-0.0575666729793243,0.6202441798046661,3331,2,2.05,1,2,1,2.3
110,2018-04-21,spring,0,4,0,Saturday,0,1,-0.1254888242961949,-1.0441707371397466,1.4682640031953516,3444,2,2.05,1,2,1,2.3
111,2018-04-22,spring,0,4,0,Sunday,0,2,-0.5098031526323962,0.4923062996749573,0.3922548343683457,1506,2,2.05,1,2,1,2.0
112,2018-04-23,spring,0,4,0,Monday,1,2,-0.1228754868635087,1.246652207107576,0.5062698596436775,2574,2,2.05,1,1,1,2.0
113,2018-04-24,spring,0,4,0,Tuesday,1,2,0.2588255040400065,0.879403227554631,0.1139743201609885,2481,2,2.05,1,1,1,2.0
114,2018-04-25,spring,0,4,0,Wednesday,1,1,0.3372569996188229,0.7166271827800231,0.0443482220769275,3300,2,2.05,1,2,1,2.3
115,2018-04-26,spring,0,4,0,Thursday,1,1,0.4156884951976397,0.490324363404214,1.480902941198918,3722,2,2.05,1,2,1,2.3
116,2018-04-27,spring,0,4,0,Friday,1,2,0.3790860848409176,0.9965280383237872,1.3353821574219416,3325,2,2.05,1,2,1,2.0
117,2018-04-28,spring,0,4,0,Saturday,0,2,0.3712429352830357,0.3553335405790728,1.42399719134711,3489,2,2.05,1,2,1,2.0
118,2018-04-29,spring,0,4,0,Sunday,0,1,0.0339875042941245,-0.8059572430599474,0.6012959490779018,3717,2,2.05,1,2,1,2.3
119,2018-04-30,spring,0,4,0,Monday,1,1,-0.0836597390741005,-0.5856097610361333,0.5505366714919189,3347,2,2.05,1,1,1,2.3
120,2018-05-01,spring,0,5,0,Tuesday,1,2,-0.1490182729698399,0.6471450708268268,-0.7593640843511732,2213,2,2.34,1,1,1,2.0
121,2018-05-02,spring,0,5,0,Wednesday,1,2,0.1568645597875449,0.4942930002155831,0.0252269946142045,3554,2,2.34,1,2,1,2.0
122,2018-05-03,spring,0,5,0,Thursday,1,2,0.3686295978503496,0.3374675285230879,1.645422837095588,3848,2,2.34,1,2,1,2.0
123,2018-05-04,spring,0,5,0,Friday,1,2,-0.2666655163380647,0.5280383237869273,1.5063029325490815,2378,2,2.34,1,2,1,2.0
124,2018-05-05,spring,0,5,0,Saturday,0,1,-0.1254888242961949,-0.8674925528506413,1.1643392669517725,3819,2,2.34,1,2,1,2.3
125,2018-05-06,spring,0,5,0,Sunday,0,1,-0.0627436278331416,-0.1727047832078543,0.4810428650294729,3714,2,2.34,1,2,1,2.3
126,2018-05-07,spring,0,5,0,Monday,1,1,0.0653601025256511,-0.4049629399356585,-0.2088681179735977,3102,2,2.34,1,1,1,2.3
127,2018-05-08,spring,0,5,0,Tuesday,1,1,0.0915028886319823,0.0258080499486053,-1.0821200241177802,2932,2,2.34,1,1,1,2.3
128,2018-05-09,spring,0,5,0,Wednesday,1,1,0.1045758503150594,-0.1786601205598493,-0.0506269859643678,3698,2,2.34,1,2,1,2.3
129,2018-05-10,spring,0,5,0,Thursday,1,1,0.1045758503150594,-0.6531004081788221,-0.6645516967672507,4109,2,2.34,1,2,1,2.3
130,2018-05-11,spring,0,5,0,Friday,1,1,0.135948448546586,0.0317633873006003,-0.6139654159172261,3632,2,2.34,1,2,1,2.3
131,2018-05-12,spring,0,5,0,Saturday,0,1,0.1124189998729409,0.5776677231435129,0.0884522134677959,4169,2,2.34,1,2,1,2.3
132,2018-05-13,spring,0,5,0,Sunday,0,2,0.041830653852006,1.12952739633842,-0.0127203482322532,3413,2,2.34,1,2,1,2.0
133,2018-05-14,spring,0,5,0,Monday,1,2,0.0679734399583373,1.4114149524228097,-0.4683632219115629,2507,2,2.34,1,1,1,2.0
134,2018-05-15,spring,0,5,0,Tuesday,1,2,0.1986936450096393,1.1473934083944048,-0.2848950952881285,2971,2,2.34,1,1,1,2.0
135,2018-05-16,spring,0,5,0,Wednesday,1,1,0.2457525423569291,0.7702252189479779,-0.550577376606262,3185,2,2.34,1,2,1,2.3
136,2018-05-17,spring,0,5,0,Thursday,1,2,0.1960803075769532,1.008438713027777,0.9807795538210652,3445,2,2.34,1,2,1,2.0
137,2018-05-18,spring,0,5,0,Friday,1,2,0.1594778972202311,1.1612907836390207,0.2087867077449112,3319,2,2.34,1,2,1,2.0
138,2018-05-19,spring,0,5,0,Saturday,0,2,0.0993460381898639,0.9687332878345556,-0.7404463824601663,3840,2,2.34,1,2,1,2.0
139,2018-05-20,spring,0,5,0,Sunday,0,1,0.1176488119981366,0.4446636008589975,-0.5694849022186831,4008,2,2.34,1,2,1,2.3
140,2018-05-21,spring,0,5,0,Monday,1,1,0.3241840379357459,0.0019867005406254,-0.6138840056885396,3547,2,2.34,1,1,1,2.3
141,2018-05-22,spring,0,5,0,Tuesday,1,1,0.3294138500609413,0.587591697306877,-0.335481376138153,3084,2,2.34,1,1,1,2.3
142,2018-05-23,spring,0,5,0,Wednesday,1,2,0.4156884951976397,0.8754345907432618,0.5379893199956243,3438,2,2.34,1,2,1,2.0
143,2018-05-24,spring,0,5,0,Thursday,1,2,0.504576477767024,0.5459043358429122,0.2657738678254055,3833,2,2.34,1,2,1,2.0
144,2018-05-25,spring,0,5,0,Friday,1,1,0.5071898151997101,0.3334988917117187,-0.2721340419415323,4238,2,2.34,1,2,1,2.3
145,2018-05-26,spring,0,5,0,Saturday,0,1,0.6562096567994617,0.2441688314317941,0.1899605923611764,3919,2,2.34,1,2,1,2.3
146,2018-05-27,spring,0,5,0,Sunday,0,1,0.5725514863552726,0.1310174217438895,0.6075645366867561,3808,2,2.34,1,2,1,2.3
147,2018-05-28,spring,0,5,1,Monday,0,1,0.4915035160839469,0.4923062996749573,0.4998282752988646,2757,2,2.34,0,1,1,2.3
148,2018-05-29,spring,0,5,0,Tuesday,1,1,0.528105926440669,0.9171219522072266,0.3354406710238098,2433,2,2.34,1,1,1,2.3
149,2018-05-30,spring,0,5,0,Wednesday,1,1,0.7346411523782782,0.279900855543764,-0.5062698596436775,2549,2,2.34,1,2,1,2.3
150,2018-05-31,spring,0,5,0,Thursday,1,1,0.8653613574295803,0.0496293993565852,-0.7087370983868054,3309,2,2.34,1,2,1,2.3
151,2018-06-01,spring,0,6,0,Friday,1,2,0.8313754217653675,0.2421821308911683,0.2657738678254055,3461,2,2.63,1,2,1,2.0
152,2018-06-02,spring,0,6,0,Saturday,0,1,0.6771257680404207,-1.530521699462709,1.132741921942855,4232,2,2.63,1,2,1,2.3
153,2018-06-03,spring,0,6,0,Sunday,0,1,0.3790860848409176,-1.2962768421942796,0.7341777948513117,4414,2,2.63,1,2,1,2.3
154,2018-06-04,spring,0,6,0,Monday,1,1,0.4261449821882074,-0.809925879871317,-0.5885247194527197,3473,2,2.63,1,1,1,2.3
155,2018-06-05,spring,0,6,0,Tuesday,1,2,0.4679740674103019,0.1250620843918945,-0.43028358744349,3221,2,2.63,1,1,1,2.0
156,2018-06-06,spring,0,6,0,Wednesday,1,1,0.5620918621048818,-0.1250620843918945,-0.6012043625706296,3875,2,2.63,1,2,1,2.3
157,2018-06-07,spring,0,6,0,Thursday,1,1,0.6535963193667756,-0.134986058555259,0.0695345115767888,4070,2,2.63,1,2,1,2.3
158,2018-06-08,spring,0,6,0,Friday,1,1,0.8679746948622664,-0.0198527125966103,-0.4493641097918697,3725,2,2.63,1,2,1,2.3
159,2018-06-09,spring,0,6,0,Saturday,0,2,0.969935639114728,-0.2759322187323944,-0.3164008537897733,3352,2,2.63,1,2,1,2.0
160,2018-06-10,spring,0,6,0,Sunday,0,1,0.802616160966527,-0.1012407349839146,-0.4113353567167254,3771,2,2.63,1,2,1,2.3
161,2018-06-11,spring,0,6,0,Monday,1,1,0.7084983662719473,0.1349860585552587,-0.265855278054092,3237,2,2.63,1,1,1,2.3
162,2018-06-12,spring,0,6,0,Tuesday,1,1,0.6065374220194855,0.5796544236841387,-0.1771486576216509,2993,2,2.63,1,1,1,2.3
163,2018-06-13,spring,0,6,0,Wednesday,1,1,0.4261449821882074,-0.6272971225000982,1.265674649109194,4157,2,2.63,1,2,1,2.3
164,2018-06-14,spring,0,6,0,Thursday,1,1,0.3294138500609413,-0.5677437489801483,0.8986468093550529,4164,2,2.63,1,2,1,2.3
165,2018-06-15,spring,0,6,0,Friday,1,1,0.4000021960818762,-0.7364751311067518,-0.1329327271663388,4411,2,2.63,1,2,1,2.3
166,2018-06-16,spring,0,6,0,Saturday,0,2,0.4052288709472486,0.2957801670591231,0.2594543988236222,3222,2,2.63,1,2,1,2.0
167,2018-06-17,spring,0,6,0,Sunday,0,1,0.4705905421028111,0.5220829864349322,-0.3861490672168641,3981,2,2.63,1,2,1,2.3
168,2018-06-18,spring,0,6,0,Monday,1,1,0.6196103837025628,0.21042350786045,-0.6265229436921064,3312,2,2.63,1,1,1,2.3
169,2018-06-19,spring,0,6,0,Tuesday,1,2,0.6274535332604444,0.1925574958044651,-0.8036716013137576,3105,2,2.63,1,1,1,2.0
170,2018-06-20,spring,0,6,0,Wednesday,1,2,0.4261449821882074,0.5717123857915178,-0.2594951039379655,3311,2,2.63,1,2,1,2.0
171,2018-06-21,summer,0,6,0,Thursday,1,2,0.5699350116627634,0.6868504960200482,-0.1012539719287356,4061,2,2.63,1,2,1,2.0
172,2018-06-22,summer,0,6,0,Friday,1,1,0.7346411523782782,0.3870969278796735,-0.0886659153180978,3846,2,2.63,1,2,1,2.3
173,2018-06-23,summer,0,6,0,Saturday,0,2,0.7189548532625151,0.3672442152830628,0.5884840143383764,4044,2,2.63,1,2,1,2.0
174,2018-06-24,summer,0,6,0,Sunday,0,1,0.7058850288392612,-0.2521108693244145,0.4177362359471951,4022,2,2.63,1,2,1,2.3
175,2018-06-25,summer,0,6,0,Monday,1,1,0.6143805715773674,-0.680895158668053,0.2910008624396101,3420,2,2.63,1,1,1,2.3
176,2018-06-26,summer,0,6,0,Tuesday,1,1,0.5673216742300773,-0.5379670622201734,-0.8796548206303696,3385,2,2.63,1,1,1,2.3
177,2018-06-27,summer,0,6,0,Wednesday,1,2,0.5751648237879591,0.1528520706112436,-0.7468065565762929,3854,2,2.63,1,2,1,2.0
178,2018-06-28,summer,0,6,0,Thursday,1,1,0.7686302253023142,0.0377187246525953,-0.3733880138702676,3916,2,2.63,1,2,1,2.3
179,2018-06-29,summer,0,6,0,Friday,1,1,0.7189548532625151,-0.6114130467148573,0.8227114185477944,4377,2,2.63,1,2,1,2.3
180,2018-06-30,summer,0,6,0,Saturday,0,1,0.6196103837025628,-0.9151352516666011,0.0441345202266256,4488,2,2.63,1,2,1,2.3
181,2018-07-01,summer,0,7,0,Sunday,0,1,0.7006552167140655,-1.095782072767076,-0.7974844239335895,4116,2,2.42,1,2,1,2.3
182,2018-07-02,summer,0,7,0,Monday,1,1,0.7503274514940417,-0.8655106165798973,-0.6707490504260045,2915,2,2.42,1,1,1,2.3
183,2018-07-03,summer,0,7,0,Tuesday,1,2,0.6823555801656161,0.267990180839774,0.4872707475239842,2367,2,2.42,1,1,1,2.0
184,2018-07-04,summer,0,7,1,Wednesday,0,2,0.7137281783971428,0.0555847367085802,-1.0124969789172948,2978,2,2.42,0,2,1,2.0
185,2018-07-05,summer,0,7,0,Thursday,1,1,0.7764733748601961,-0.1707180826672289,-0.5568154353793588,3634,2,2.42,1,2,1,2.3
186,2018-07-06,summer,0,7,0,Friday,1,1,0.6928120671561838,0.5578150105469021,-0.3164008537897733,3845,2,2.42,1,2,1,2.3
187,2018-07-07,summer,0,7,0,Saturday,0,1,0.7869298618507639,0.1191067470398995,-0.2215884662058509,3838,2,2.42,1,2,1,2.3
188,2018-07-08,summer,0,7,0,Sunday,0,2,0.658826131491971,0.6272971225000985,0.4493234046775264,3348,2,2.42,1,2,1,2.0
189,2018-07-09,summer,0,7,0,Monday,1,1,0.7346411523782782,-0.0813880223873042,-0.1329327271663388,3348,2,2.42,1,1,1,2.3
190,2018-07-10,summer,0,7,0,Tuesday,1,1,0.7790867122928822,-0.2282895199164346,0.0253999913501632,3138,2,2.42,1,1,1,2.3
191,2018-07-11,summer,0,7,0,Wednesday,1,1,0.826145609640172,0.0456559982753343,1.0314879500141194,3363,2,2.42,1,2,1,2.3
192,2018-07-12,summer,0,7,0,Thursday,1,1,0.9254932164599476,-0.3196015164671033,0.1961884748556877,3596,2,2.42,1,2,1,2.3
193,2018-07-13,summer,0,7,0,Friday,1,1,0.7764733748601961,0.0258080499486053,-0.3545618984865331,3594,2,2.42,1,2,1,2.3
194,2018-07-14,summer,0,7,0,Saturday,0,1,0.5699350116627634,-0.7146404822393974,0.6074424213437267,4196,2,2.42,1,2,1,2.3
195,2018-07-15,summer,0,7,0,Sunday,0,1,0.515032964757592,-0.1667494458558593,0.018907525612421,4220,2,2.42,1,2,1,2.3
196,2018-07-16,summer,0,7,0,Monday,1,1,0.5882377854710361,-0.1965261326158342,0.2784942160576588,3505,2,2.42,1,1,1,2.3
197,2018-07-17,summer,0,7,0,Tuesday,1,1,0.6901987297234977,-0.1052093717952841,0.651872053649341,3296,2,2.42,1,1,1,2.3
198,2018-07-18,summer,0,7,0,Wednesday,1,1,0.7764733748601961,0.1191067470398995,0.3544296068649176,3617,2,2.42,1,2,1,2.3
199,2018-07-19,summer,0,7,0,Thursday,1,1,0.870591169554776,0.1151381102285303,-0.5126300337598043,3789,2,2.42,1,2,1,2.3
200,2018-07-20,summer,0,7,0,Friday,1,1,0.8444452461886217,0.3851102273390477,-0.6834185172653287,3688,2,2.42,1,2,1,2.3
201,2018-07-21,summer,0,7,0,Saturday,0,2,0.9908517503556868,0.3096775423037388,0.4176955308328519,3152,2,2.42,1,2,1,2.0
202,2018-07-22,summer,0,7,0,Sunday,0,1,1.0954260320408349,-0.2183607814831887,-0.4871893372952978,2825,2,2.42,1,2,1,2.3
203,2018-07-23,summer,0,7,0,Monday,1,1,1.098042506733344,-0.6014890725514928,-0.5063105647580207,2298,2,2.42,1,1,1,2.3
204,2018-07-24,summer,0,7,0,Tuesday,1,1,1.037910647702977,-0.3593069416603241,-0.1201207924268134,2556,2,2.42,1,1,1,2.3
205,2018-07-25,summer,0,7,0,Wednesday,1,1,0.7660137506098049,0.6233237214188468,-0.917561458362484,3272,2,2.42,1,2,1,2.3
206,2018-07-26,summer,0,7,0,Thursday,1,1,0.8549048704390125,-0.4069496404762839,0.1962291799700309,3840,2,2.42,1,2,1,2.3
207,2018-07-27,summer,0,7,0,Friday,1,1,0.8653613574295803,-1.0640186854664757,0.0253185811214767,3901,2,2.42,1,2,1,2.3
208,2018-07-28,summer,0,7,0,Saturday,0,1,0.8784343191126576,-0.2044681705084547,-0.0253999913501632,3784,2,2.42,1,2,1,2.3
209,2018-07-29,summer,0,7,0,Sunday,0,1,1.0640534338093082,-0.3990076025836635,-0.069575216691132,3176,2,2.42,1,2,1,2.3
210,2018-07-30,summer,0,7,0,Monday,1,1,0.956865814691474,-0.7642698815959826,-0.1265725530502124,2916,2,2.42,1,1,1,2.3
211,2018-07-31,summer,0,7,0,Tuesday,1,1,0.9620924895568465,-0.6928058333720429,-0.1644690145037409,2778,2,2.42,1,1,1,2.3
212,2018-08-01,summer,0,8,0,Wednesday,1,1,0.8549048704390125,-0.3593069416603241,-0.2468561659343987,3537,2,2.48,1,2,1,2.3
213,2018-08-02,summer,0,8,0,Thursday,1,1,0.8915041435359115,-0.6431764340154577,0.2531349298218387,4044,2,2.48,1,2,1,2.3
214,2018-08-03,summer,0,8,0,Friday,1,2,0.7294144775129059,0.1488834337998744,-0.46192163756675,3107,2,2.48,1,2,1,2.0
215,2018-08-04,summer,0,8,0,Saturday,0,2,0.6614394689246572,0.6253104219594727,0.1646013061253564,3777,2,2.48,1,2,1,2.0
216,2018-08-05,summer,0,8,0,Sunday,0,1,0.6640528063573433,0.0218346488673544,0.0378659326177713,3843,2,2.48,1,2,1,2.3
217,2018-08-06,summer,0,8,0,Monday,1,2,0.6823555801656161,0.6133997472554827,0.4810835701438162,2773,2,2.48,1,1,1,2.0
218,2018-08-07,summer,0,8,0,Tuesday,1,1,0.7634004131771187,0.6034757730921185,0.2087358263519822,2487,2,2.48,1,1,1,2.3
219,2018-08-08,summer,0,8,0,Wednesday,1,1,0.8339887591980536,-0.1627808090444898,0.1139743201609885,3480,2,2.48,1,2,1,2.3
220,2018-08-09,summer,0,8,0,Thursday,1,1,0.8653613574295803,-0.2660034802991485,-0.3038026209005498,3695,2,2.48,1,2,1,2.3
221,2018-08-10,summer,0,8,0,Friday,1,1,0.8392185713232494,-0.962777950482561,0.1962291799700309,3896,2,2.48,1,2,1,2.3
222,2018-08-11,summer,0,8,0,Saturday,0,1,0.6849689175983023,-0.9647646510231864,-0.1646420112396996,3980,2,2.48,1,2,1,2.3
223,2018-08-12,summer,0,8,0,Sunday,0,1,0.6562096567994617,-1.0064520124871512,-0.563297724838515,3854,2,2.48,1,2,1,2.3
224,2018-08-13,summer,0,8,0,Monday,1,2,0.5856213107785269,0.4923062996749573,0.3101627950166762,2646,2,2.48,1,1,1,2.0
225,2018-08-14,summer,0,8,0,Tuesday,1,2,0.5568651872395095,0.9111666148552316,0.4239234133273632,2482,2,2.48,1,1,1,2.0
226,2018-08-15,summer,0,8,0,Wednesday,1,1,0.5228761143154735,0.4089315767470277,0.2847220985521698,3563,2,2.48,1,2,1,2.3
227,2018-08-16,summer,0,8,0,Thursday,1,1,0.6326802081258167,-0.2282895199164346,0.563297724838515,4004,2,2.48,1,2,1,2.3
228,2018-08-17,summer,0,8,0,Friday,1,1,0.7032685541467516,-0.2421821308911686,-0.3796566014791221,4026,2,2.48,1,2,1,2.3
229,2018-08-18,summer,0,8,0,Saturday,0,1,0.6666692810498527,0.1349860585552587,0.5315375593722254,3166,2,2.48,1,2,1,2.3
230,2018-08-19,summer,0,8,0,Sunday,0,2,0.5830079733458408,0.4605476766442391,-0.4240149998346354,3356,2,2.48,1,2,1,2.0
231,2018-08-20,summer,0,8,0,Monday,1,1,0.6222237211352489,0.2282895199164349,-0.7785667220425826,3277,2,2.48,1,1,1,2.3
232,2018-08-21,summer,0,8,0,Tuesday,1,1,0.6640528063573433,0.6848637954794224,0.689737986267112,2624,2,2.48,1,1,1,2.3
233,2018-08-22,summer,0,8,0,Wednesday,1,1,0.6039240845867994,-0.7444171689993723,0.9746330815552404,3925,2,2.48,1,2,1,2.3
234,2018-08-23,summer,0,8,0,Thursday,1,1,0.4444446187366568,-0.8138945166826865,-0.3481508429774773,4614,2,2.48,1,2,1,2.3
235,2018-08-24,summer,0,8,0,Friday,1,1,0.5464055629891187,-0.1012407349839146,0.7340455032296963,4181,2,2.48,1,2,1,2.3
236,2018-08-25,summer,0,8,0,Saturday,0,2,0.5803946359131545,0.6928058333720433,0.303843326014893,3107,2,2.48,1,2,1,2.0
237,2018-08-26,summer,0,8,0,Sunday,0,1,0.6300668706931306,0.6431764340154577,-0.9872262263051712,3893,2,2.48,1,2,1,2.3
238,2018-08-27,summer,0,8,0,Monday,1,2,0.5673216742300773,1.066005386007101,1.9807312164977828,889,2,2.48,1,1,1,2.0
239,2018-08-28,summer,0,8,0,Tuesday,1,1,0.6522127877847654,-0.307223943314717,1.2586428406064043,2919,2,2.48,1,1,1,2.3
240,2018-08-29,summer,0,8,0,Wednesday,1,1,0.4313747943134029,-0.3414409296043392,-0.2152282920897242,3905,2,2.48,1,2,1,2.3
241,2018-08-30,summer,0,8,0,Thursday,1,1,0.4392179438712845,-0.3712176163643141,-0.5695357836116121,4429,2,2.48,1,2,1,2.3
242,2018-08-31,summer,0,8,0,Friday,1,1,0.4941199907764562,-0.134986058555259,-0.9936291407913584,4370,2,2.48,1,2,1,2.3
243,2018-09-01,summer,0,9,0,Saturday,0,1,0.4888901786512608,0.0615400740605752,-0.3986964187131586,4332,2,2.51,1,2,1,2.3
244,2018-09-02,summer,0,9,0,Sunday,0,2,0.4522877682945387,0.4803956249709674,-0.4176955308328522,3852,2,2.51,1,2,1,2.0
245,2018-09-03,summer,0,9,1,Monday,0,1,0.5333357385658645,0.4307709898842642,0.044266811848241,2549,2,2.51,0,1,1,2.3
246,2018-09-04,summer,0,9,0,Tuesday,1,1,0.658826131491971,0.5518596731949071,0.259413693709279,2419,2,2.51,1,1,1,2.3
247,2018-09-05,summer,0,9,0,Wednesday,1,2,0.5464055629891187,0.7821358936519679,0.322801733020243,2115,2,2.51,1,2,1,2.0
248,2018-09-06,summer,0,9,0,Thursday,1,3,0.1281052989887044,1.2420785080212438,1.658407768571072,2506,2,2.51,1,2,1,1.0
249,2018-09-07,summer,0,9,0,Friday,1,3,0.3137275509451782,1.385606902474204,-0.8543413276481857,1878,2,2.51,1,2,1,1.0
250,2018-09-08,summer,0,9,1,Saturday,0,3,0.4227347807604404,1.4927172179522454,0.1198053277906535,1689,2,2.51,0,2,1,1.0
251,2018-09-09,summer,0,9,0,Sunday,0,2,0.4732038795354973,1.294294905923536,-0.5759366628420821,3127,2,2.51,1,2,1,2.0
252,2018-09-10,summer,0,9,0,Monday,1,1,0.504576477767024,0.6074444099034877,-0.2784942160576588,3595,2,2.51,1,1,1,2.3
253,2018-09-11,summer,0,9,0,Tuesday,1,1,0.4836603665260653,0.4168736146396484,-0.6708304606546908,3413,2,2.51,1,1,1,2.3
254,2018-09-12,summer,0,9,0,Wednesday,1,1,0.4554720870150386,0.3140797276743334,-0.9368485591661556,4023,2,2.51,1,2,1,2.3
255,2018-09-13,summer,0,9,0,Thursday,1,1,0.4758172169681834,0.4109182772876534,-0.3986150084844722,4062,2,2.51,1,2,1,2.3
256,2018-09-14,summer,0,9,0,Friday,1,1,0.5464055629891187,0.3374675285230879,-0.1391606096608501,4138,2,2.51,1,2,1,2.3
257,2018-09-15,summer,0,9,0,Saturday,0,2,0.2457525423569291,0.3950389657722943,0.9176052163604032,3231,2,2.51,1,2,1,2.0
258,2018-09-16,summer,0,9,0,Sunday,0,2,-0.0941162260646682,-0.1707180826672289,-0.1708800700127966,4018,2,2.51,1,2,1,2.0
259,2018-09-17,summer,0,9,0,Monday,1,2,-0.0235278800437333,0.4387082635070025,0.0885336236964823,3077,2,2.51,1,1,1,2.0
260,2018-09-18,summer,0,9,0,Tuesday,1,1,0.0261443547362429,0.3275435543597237,-0.02535928623582,2921,2,2.51,1,1,1,2.3
261,2018-09-19,summer,0,9,0,Wednesday,1,2,0.1568645597875449,0.3037222049517438,-0.2974831518987663,3848,2,2.51,1,2,1,2.0
262,2018-09-20,summer,0,9,0,Thursday,1,2,0.1960803075769532,1.2148888198069754,-0.4683225167972197,3203,2,2.51,1,2,1,2.0
263,2018-09-21,summer,0,9,0,Friday,1,2,0.3006545892621008,1.3042188800869,-0.8606160210241915,3813,2,2.51,1,2,1,2.0
264,2018-09-22,summer,0,9,0,Saturday,0,2,0.4052288709472486,1.3141428542502642,-0.5378163232596657,4240,2,2.51,1,2,1,2.0
265,2018-09-23,autumn,0,9,0,Sunday,0,2,0.3451001491767048,1.6496284465026088,-1.0441706460156053,2137,2,2.51,1,2,1,2.0
266,2018-09-24,autumn,0,9,0,Monday,1,2,0.3372569996188229,1.1255587595270509,-1.044001719791081,3647,2,2.51,1,1,1,2.0
267,2018-09-25,autumn,0,9,0,Tuesday,1,2,0.4235316447555213,1.042184036599121,-1.3289792429357548,3466,2,2.51,1,1,1,2.0
268,2018-09-26,autumn,0,9,0,Wednesday,1,2,0.4705905421028111,1.0580633481144803,-0.7151379776172753,3946,2,2.51,1,2,1,2.0
269,2018-09-27,autumn,0,9,0,Thursday,1,2,0.4313747943134029,1.2347415324035862,-0.6391110003027444,3643,2,2.51,1,2,1,2.0
270,2018-09-28,autumn,0,9,0,Friday,1,2,0.4261449821882074,1.060050048655106,-0.3291619071363698,3427,2,2.51,1,2,1,2.0
271,2018-09-29,autumn,0,9,0,Saturday,0,1,0.3686295978503496,0.3473962669563345,-0.0823464463163143,4186,2,2.51,1,2,1,2.3
272,2018-09-30,autumn,0,9,0,Sunday,0,1,0.2039234571348347,0.1012407349839146,0.2594951039379652,4372,2,2.51,1,2,1,2.3
273,2018-10-01,autumn,0,10,0,Monday,1,2,-0.279738478021142,0.6074444099034877,1.132833508450127,1949,2,2.42,1,1,1,2.0
274,2018-10-02,autumn,0,10,0,Tuesday,1,2,-0.4470579561693428,0.7880912310039628,0.4176141206041657,2302,2,2.42,1,1,1,2.0
275,2018-10-03,autumn,0,10,0,Wednesday,1,2,-0.3607833110326446,0.6411897334748318,-0.9935019373090358,3240,2,2.42,1,2,1,2.0
276,2018-10-04,autumn,0,10,0,Thursday,1,1,-0.0470573287173781,0.3990076025836635,0.253175634936182,3970,2,2.42,1,2,1,2.3
277,2018-10-05,autumn,0,10,0,Friday,1,1,0.122875486863509,0.1032274355245404,-0.0379066377321145,4267,2,2.42,1,2,1,2.3
278,2018-10-06,autumn,0,10,0,Saturday,0,1,-0.0156847304858517,-0.0258080499486053,-0.4683225167972197,4126,2,2.42,1,2,1,2.3
279,2018-10-07,autumn,0,10,0,Sunday,0,1,0.0366008417268106,0.2759322187323947,-1.6137878398559038,4036,2,2.42,1,2,1,2.3
280,2018-10-08,autumn,0,10,0,Monday,1,1,0.0705899146508465,0.3573202411196987,-1.3796062289001223,3174,2,2.42,1,1,1,2.3
281,2018-10-09,autumn,0,10,0,Tuesday,1,1,0.1307186364213906,0.4823823255115932,-1.1959671407964465,3114,2,2.42,1,1,1,2.3
282,2018-10-10,autumn,0,10,0,Wednesday,1,1,0.2248364311159705,0.5121590122715681,-1.4111526925161104,3603,2,2.42,1,2,1,2.3
283,2018-10-11,autumn,0,10,0,Thursday,1,2,0.2117666066927163,0.8694792533912667,-0.3860167755952486,3896,2,2.42,1,2,1,2.0
284,2018-10-12,autumn,0,10,0,Friday,1,3,0.1385617859792722,1.333995566846875,0.6835915140012871,2199,2,2.42,1,2,1,1.0
285,2018-10-13,autumn,0,10,0,Saturday,0,2,0.2823549527136515,1.288339568571541,-0.3987880052204309,2623,2,2.42,1,2,1,2.0
286,2018-10-14,autumn,0,10,0,Sunday,0,2,0.1620912346529172,0.4287842893436384,0.4366437615596165,3115,2,2.42,1,2,1,2.0
287,2018-10-15,autumn,0,10,0,Monday,1,1,0.0235310173035567,-0.680895158668053,0.7846724891940644,3318,2,2.42,1,1,1,2.3
288,2018-10-16,autumn,0,10,0,Tuesday,1,1,0.0392173164193199,-0.6650110828828121,1.025178657290922,3293,2,2.42,1,1,1,2.3
289,2018-10-17,autumn,0,10,0,Wednesday,1,1,0.1098056624402548,-0.2223341825644396,-0.056946454966151,3857,2,2.42,1,2,1,2.3
290,2018-10-18,autumn,0,10,0,Thursday,1,2,0.1045758503150594,0.3593069416603244,-0.7213760363903722,4111,2,2.42,1,2,1,2.0
291,2018-10-19,autumn,0,10,0,Friday,1,3,0.1335609938211669,1.2814313772432264,0.6346334377249908,2170,2,2.42,1,2,1,1.0
292,2018-10-20,autumn,0,10,0,Saturday,0,1,-0.0732032520835324,0.0476426988159598,2.455536022754159,3724,2,2.42,1,2,1,2.3
293,2018-10-21,autumn,0,10,0,Sunday,0,1,-0.2248364311159703,-0.2481374682431636,0.4113353567167254,3628,2,2.42,1,2,1,2.3
294,2018-10-22,autumn,0,10,0,Monday,1,1,-0.2405227302317334,0.0138973752446154,-0.8986498622386286,2809,2,2.42,1,1,1,2.3
295,2018-10-23,autumn,0,10,0,Tuesday,1,1,-0.2431360676644196,0.547891036383538,-0.8289850942959414,2762,2,2.42,1,1,1,2.3
296,2018-10-24,autumn,0,10,0,Wednesday,1,1,-0.1124189998729409,0.6947877696427867,-0.6327915313009609,3488,2,2.42,1,2,1,2.3
297,2018-10-25,autumn,0,10,0,Thursday,1,1,-0.0862730765067866,-0.0158793115153594,-0.1456937805129353,3992,2,2.42,1,2,1,2.3
298,2018-10-26,autumn,0,10,0,Friday,1,2,-0.0470573287173781,0.4486370019402491,-0.3290296155147543,3490,2,2.42,1,2,1,2.0
299,2018-10-27,autumn,0,10,0,Saturday,0,2,-0.0915028886319821,0.8893319659878776,0.1708393648984534,2419,2,2.42,1,2,1,2.0
300,2018-10-28,autumn,0,10,0,Sunday,0,2,-0.5281059264406689,-0.1925574958044647,0.4935902165257675,3291,2,2.42,1,2,1,2.0
301,2018-10-29,autumn,0,10,0,Monday,1,3,-0.7686270880424909,1.2208441571589703,1.7339971659064135,570,2,2.42,1,1,1,1.0
302,2018-10-30,autumn,0,10,0,Tuesday,1,1,-0.5647051995375678,-0.0119106747039899,-0.0443482220769275,2446,2,2.42,1,1,1,2.3
303,2018-10-31,autumn,0,10,0,Wednesday,1,1,-0.4993466656418284,0.3672442152830628,-0.7594047894655164,3307,2,2.42,1,2,1,2.3
304,2018-11-01,autumn,0,11,0,Thursday,1,1,-0.3084977388199825,0.273945518191769,-0.4620437529097797,3658,2,2.26,1,2,1,2.3
305,2018-11-02,autumn,0,11,0,Friday,1,1,-0.3816994222736035,0.4406949640476283,-1.0062640082834906,3816,2,2.26,1,2,1,2.3
306,2018-11-03,autumn,0,11,0,Saturday,0,1,-0.2849682901463374,0.3612888779310678,-0.4493641097918697,3656,2,2.26,1,2,1,2.3
307,2018-11-04,autumn,0,11,0,Sunday,0,2,-0.3006545892621006,-0.0178660120559849,0.924046800705216,3576,2,2.26,1,2,1,2.0
308,2018-11-05,autumn,0,11,0,Monday,1,1,-0.5411757508639228,-0.5101723117309427,0.0822955649233853,2770,2,2.26,1,1,1,2.3
309,2018-11-06,autumn,0,11,0,Tuesday,1,1,-0.4732038795354972,0.5161276490829373,-0.9048828328724328,2697,2,2.26,1,1,1,2.3
310,2018-11-07,autumn,0,11,0,Wednesday,1,1,-0.3267973753684318,0.6312657593114677,-1.2593144749930674,3662,2,2.26,1,2,1,2.3
311,2018-11-08,autumn,0,11,0,Thursday,1,1,-0.2849682901463374,0.4545923392922441,-1.1391071841982745,3829,2,2.26,1,2,1,2.3
312,2018-11-09,autumn,0,11,0,Friday,1,1,-0.3111110762526686,0.6292790587708419,-1.20873022939876,3804,2,2.26,1,2,1,2.3
313,2018-11-10,autumn,0,11,0,Saturday,0,2,-0.3738562727157218,0.8913139022586208,0.0823464463163143,2743,2,2.26,1,2,1,2.0
314,2018-11-11,autumn,0,11,0,Sunday,0,1,-0.5490189004218046,-0.8575685786872768,1.360568446921803,2928,2,2.26,1,2,1,2.3
315,2018-11-12,autumn,0,11,1,Monday,0,1,-0.4470579561693428,-0.3493782032270782,0.3163499723968443,2792,2,2.26,0,1,1,2.3
316,2018-11-13,autumn,0,11,0,Tuesday,1,1,-0.1830073458938758,-0.8000019057079525,1.025219362405265,2713,2,2.26,1,1,1,2.3
317,2018-11-14,autumn,0,11,0,Wednesday,1,1,0.0967327007571778,-0.1866021584524697,1.2783542922271038,3891,2,2.26,1,2,1,2.3
318,2018-11-15,autumn,0,11,0,Thursday,1,2,0.0967327007571778,0.2977668675997489,0.1898690058539041,3746,2,2.26,1,2,1,2.0
319,2018-11-16,autumn,0,11,0,Friday,1,3,-0.1333319738540765,1.4471469765347795,-0.44924199444884,1672,2,2.26,1,2,1,1.0
320,2018-11-17,autumn,0,11,0,Saturday,0,2,-0.4941168535166328,-0.2402001946204245,1.265796764452224,2914,2,2.26,1,2,1,2.0
321,2018-11-18,autumn,0,11,0,Sunday,0,1,-0.7058818915794376,-1.0302733618951312,-0.1266132581645556,3147,2,2.26,1,2,1,2.3
322,2018-11-19,autumn,0,11,0,Monday,1,1,-0.5333326013060412,-0.5915650983881283,0.4428818203327135,2720,2,2.26,1,1,1,2.3
323,2018-11-20,autumn,0,11,0,Tuesday,1,2,-0.1124189998729409,0.2779141550031381,0.0506269859643678,2733,2,2.26,1,1,1,2.0
324,2018-11-21,autumn,0,11,0,Wednesday,1,3,-0.162091234652917,1.35186157890286,-0.4367760531812319,2545,2,2.26,1,2,1,1.0
325,2018-11-22,autumn,0,11,1,Thursday,0,3,-0.2588223667801831,1.601985747686649,-0.6327915313009609,1538,2,2.26,0,2,1,1.0
326,2018-11-23,autumn,0,11,0,Friday,1,2,-0.1830073458938758,0.6272971225000985,1.5757967390115268,2454,2,2.26,1,2,1,2.0
327,2018-11-24,autumn,0,11,0,Saturday,0,1,-0.3947723839566806,-0.3672442152830631,-0.1391199045465069,935,2,2.26,1,2,1,2.3
328,2018-11-25,autumn,0,11,0,Sunday,0,1,-0.3895425718314851,0.0833747229279296,-0.8352608052998058,1697,2,2.26,1,2,1,2.3
329,2018-11-26,autumn,0,11,0,Monday,1,1,-0.3869292343987989,0.2640215440284048,-1.145382895202139,1819,2,2.26,1,1,1,2.3
330,2018-11-27,autumn,0,11,0,Tuesday,1,1,-0.1254888242961949,0.3434228658750829,0.2847220985521698,2261,2,2.26,1,1,1,2.3
331,2018-11-28,autumn,0,11,0,Wednesday,1,1,0.0135262957275227,0.5564333722812395,-0.3953789518941871,3614,2,2.26,1,2,1,2.3
332,2018-11-29,autumn,0,11,0,Thursday,1,2,-0.1281052989887041,0.9746886251865504,0.7847640757013363,2818,2,2.26,1,2,1,2.0
333,2018-11-30,autumn,0,11,0,Friday,1,1,-0.5464055629891184,-0.0615400740605752,0.9177273317034328,3425,2,2.26,1,2,1,2.3
334,2018-12-01,autumn,0,12,0,Saturday,0,1,-0.5856213107785266,-0.4843690260522186,0.3987371238275018,3545,2,1.9,1,2,1,2.3
335,2018-12-02,autumn,0,12,0,Sunday,0,1,-0.5803914986533312,-0.0019867005406254,-0.8163512444316676,3672,2,1.9,1,2,1,2.3
336,2018-12-03,autumn,0,12,0,Monday,1,1,-0.627450396000621,-0.0635220103313193,-0.8669344723981164,2908,2,1.9,1,1,1,2.3
337,2018-12-04,autumn,0,12,0,Tuesday,1,1,-0.5281059264406689,0.7126537816987716,-0.9872689666752316,2851,2,1.9,1,1,1,2.3
338,2018-12-05,autumn,0,12,0,Wednesday,1,2,-0.3555566361672723,0.9568226131305656,-1.2086030259164375,3578,2,1.9,1,2,1,2.0
339,2018-12-06,autumn,0,12,0,Thursday,1,3,-0.1150323373056271,1.5404456736260734,0.5251773852560988,2468,2,1.9,1,2,1,1.0
340,2018-12-07,autumn,0,12,0,Friday,1,3,-0.279738478021142,1.6397044723392449,0.8670189355103787,655,2,1.9,1,2,1,1.0
341,2018-12-08,autumn,0,12,0,Saturday,0,1,-0.732027814945592,-0.2203474820238141,0.6012450676849729,3172,2,1.9,1,2,1,2.3
342,2018-12-09,autumn,0,12,0,Sunday,0,1,-0.6535963193667753,0.331512191171093,-0.999903834167364,3359,2,1.9,1,2,1,2.3
343,2018-12-10,autumn,0,12,0,Monday,1,1,-0.7032685541467515,-0.5657570484395229,0.5316698509938408,2688,2,1.9,1,1,1,2.3
344,2018-12-11,autumn,0,12,0,Tuesday,1,1,-0.8732045069874619,-0.6491317713674526,-1.164505140292721,2366,2,1.9,1,1,1,2.3
345,2018-12-12,autumn,0,12,0,Wednesday,1,1,-0.8183024600822901,0.2124054441311934,-1.1959671407964465,3167,2,1.9,1,2,1,2.3
346,2018-12-13,autumn,0,12,0,Thursday,1,1,-0.6797391054731066,-0.1727047832078543,-0.4113760618310687,3368,2,1.9,1,2,1,2.3
347,2018-12-14,autumn,0,12,0,Friday,1,2,-0.5699350116627633,0.1786601205598493,-1.2213233741486909,3562,2,1.9,1,2,1,2.0
348,2018-12-15,autumn,0,12,0,Saturday,0,2,-0.2405227302317334,0.0377187246525953,0.8860180476300719,3528,2,1.9,1,2,1,2.0
349,2018-12-16,autumn,0,12,0,Sunday,0,2,-0.3895425718314851,-0.5995023720108673,0.8100317754298844,3399,2,1.9,1,2,1,2.0
350,2018-12-17,autumn,0,12,0,Monday,1,2,-0.7555572636192369,-0.3116642428443643,0.6328831178082331,2464,2,1.9,1,1,1,2.0
351,2018-12-18,autumn,0,12,0,Tuesday,1,1,-0.8183024600822901,-0.1905707952638393,-0.1139336150466456,2211,2,1.9,1,1,1,2.3
352,2018-12-19,autumn,0,12,0,Wednesday,1,1,-0.698038742021556,0.0535980361679548,-0.0822141546946988,3143,2,1.9,1,2,1,2.3
353,2018-12-20,autumn,0,12,0,Thursday,1,2,-0.3555566361672723,-0.1468967332592489,-1.2150904035148864,3534,2,1.9,1,2,1,2.0
354,2018-12-21,winter,0,12,0,Friday,1,2,-0.2222230936832841,1.10570604693044,0.4113760618310687,2553,1,1.9,1,2,1,2.0
355,2018-12-22,winter,0,12,0,Saturday,0,2,-0.2379093927990473,0.6253104219594727,-1.360568446921803,2841,1,1.9,1,2,1,2.0
356,2018-12-23,winter,0,12,0,Sunday,0,1,-0.3947723839566806,0.2858561928957589,0.949151679976391,2046,1,1.9,1,2,1,2.3
357,2018-12-24,winter,0,12,0,Monday,1,1,-0.6169939090100532,-0.3990076025836635,0.094934502926952,856,1,1.9,1,1,1,2.3
358,2018-12-25,winter,0,12,1,Tuesday,0,1,-0.7039493395283757,0.262292114061385,-0.2634027949149136,451,1,1.9,0,1,1,2.3
359,2018-12-26,winter,0,12,0,Wednesday,1,1,-0.556636167272419,-0.5683440469852294,0.595210534483592,887,1,1.9,1,2,1,2.3
360,2018-12-27,winter,0,12,0,Thursday,1,2,-0.5464055629891184,0.6491317713674526,0.0760676824288742,1059,1,1.9,1,2,1,2.0
361,2018-12-28,winter,0,12,0,Friday,1,1,-0.6275664746140778,-0.5828464845048076,1.149777012295489,2047,1,1.9,1,2,1,2.3
362,2018-12-29,winter,0,12,0,Saturday,0,1,-0.7869298618507635,-0.2481374682431636,-0.6264822385777634,2169,1,1.9,1,2,1,2.3
363,2018-12-30,winter,0,12,0,Sunday,0,1,-0.5882346482112127,0.0496293993565852,-0.47460128068466,2508,1,1.9,1,2,1,2.3
364,2018-12-31,winter,0,12,0,Monday,1,1,-0.279738478021142,-0.0496293993565852,0.3986964187131586,1820,1,1.9,1,1,1,2.3
365,2019-01-01,winter,1,1,1,Tuesday,0,1,-0.4052288709472484,0.3156328796557338,0.1138929099323023,1608,1,1.0,0,1,1,2.3
366,2019-01-02,winter,1,1,0,Wednesday,1,1,-0.7094081716206613,-1.1669888504174093,1.513110862922983,1707,1,1.0,1,2,1,2.3
367,2019-01-03,winter,1,1,0,Thursday,1,1,-1.0954260320408344,-0.8813899280952567,1.8795179496833905,2147,1,1.0,1,2,1,2.3
368,2019-01-04,winter,1,1,0,Friday,1,2,-1.2287595745248228,-1.0084387130277768,0.0379066377321145,2273,1,1.0,1,2,1,2.0
369,2019-01-05,winter,1,1,0,Saturday,0,1,-0.732027814945592,-0.4863509623229627,-0.5188680925329011,3132,1,1.0,1,2,1,2.3
370,2019-01-06,winter,1,1,0,Sunday,0,1,-0.5176463021902779,-0.4009943031242889,-0.1329734322806821,3791,1,1.0,1,2,1,2.3
371,2019-01-07,winter,1,1,0,Monday,1,1,-0.3320271874936272,-0.4506189382109928,-0.0632659239679345,3451,1,1.0,1,1,1,2.3
372,2019-01-08,winter,1,1,0,Tuesday,1,1,-0.50718981519971,-0.7682385184073521,0.1075327358161756,2826,1,1.0,1,1,1,2.3
373,2019-01-09,winter,1,1,0,Wednesday,1,2,-0.8627448827370708,0.3593069416603244,-0.8352180649297456,2270,1,1.0,1,2,1,2.0
374,2019-01-10,winter,1,1,0,Thursday,1,1,-0.5975554471457994,0.0965812790397134,0.0669293842588234,3425,1,1.0,1,2,1,2.3
375,2019-01-11,winter,1,1,0,Friday,1,2,-0.7058818915794376,1.0540947113031112,-0.5063105647580207,2085,1,1.0,1,2,1,2.0
376,2019-01-12,winter,1,1,0,Saturday,0,2,-0.3660131231578402,0.8416892671719177,-8.141022868646821e-05,3828,1,1.0,1,2,1,2.0
377,2019-01-13,winter,1,1,0,Sunday,0,1,-0.7058818915794376,-0.5657570484395229,2.0060803264550167,3040,1,1.0,1,2,1,2.3
378,2019-01-14,winter,1,1,0,Monday,1,1,-1.0013082373462547,-0.803970542519322,0.0631743374606623,2160,1,1.0,1,1,1,2.3
379,2019-01-15,winter,1,1,0,Tuesday,1,1,-1.0431373225683491,-0.9865992998905408,0.7152193878459614,2027,1,1.0,1,1,1,2.3
380,2019-01-16,winter,1,1,0,Wednesday,1,1,-0.969935639114728,-0.4942930002155831,0.5127114439884904,2081,1,1.0,1,2,1,2.3
381,2019-01-17,winter,1,1,0,Thursday,1,2,-0.3956821893053949,0.4280077133529382,1.7111921255956302,2808,1,1.0,1,2,1,2.0
382,2019-01-18,winter,1,1,0,Friday,1,1,-0.6143805715773671,-0.8714659539318922,2.385869219555754,3267,1,1.0,1,2,1,2.3
383,2019-01-19,winter,1,1,0,Saturday,0,1,-0.969935639114728,-0.6133997472554827,0.3987371238275018,3162,1,1.0,1,2,1,2.3
384,2019-01-20,winter,1,1,0,Sunday,0,2,-0.8836609939780297,-0.8397025666312918,0.2215884662058509,3048,1,1.0,1,2,1,2.0
385,2019-01-21,winter,1,1,1,Monday,0,2,-1.0222243485872131,0.9766753257271764,0.4240149998346354,1234,1,1.0,0,1,1,2.0
386,2019-01-22,winter,1,1,0,Tuesday,1,2,-1.0562102842514265,0.809925879871317,0.1899198872468331,1781,1,1.0,1,1,1,2.0
387,2019-01-23,winter,1,1,0,Wednesday,1,2,-0.8810476565453434,1.357816916254855,-0.7150565673885888,2287,1,1.0,1,2,1,2.0
388,2019-01-24,winter,1,1,0,Thursday,1,1,-0.4915035160839466,0.9985099745945304,-0.5821645453365931,3900,1,1.0,1,2,1,2.3
389,2019-01-25,winter,1,1,0,Friday,1,1,-0.6431366951163844,0.0833747229279296,-0.2025486489718141,3803,1,1.0,1,2,1,2.3
390,2019-01-26,winter,1,1,0,Saturday,0,2,-0.4941168535166328,0.6828770949387967,-1.0947559092377712,3831,1,1.0,1,2,1,2.0
391,2019-01-27,winter,1,1,0,Sunday,0,2,-0.2326795806738519,0.547891036383538,1.645422837095588,3187,1,1.0,1,2,1,2.0
392,2019-01-28,winter,1,1,0,Monday,1,1,-0.5751648237879587,-0.395038965772294,0.3038026209005498,3248,1,1.0,1,1,1,2.3
393,2019-01-29,winter,1,1,0,Tuesday,1,1,-0.6797391054731066,-1.5007450127027344,0.6011636574562864,2685,1,1.0,1,1,1,2.3
394,2019-01-30,winter,1,1,0,Wednesday,1,1,-0.721568190695201,-1.0739474238997215,0.3543074915218879,3498,1,1.0,1,2,1,2.3
395,2019-01-31,winter,1,1,0,Thursday,1,1,-0.3424836744841951,-0.9985099745945308,0.8226707134334509,4185,1,1.0,1,2,1,2.3
396,2019-02-01,winter,1,2,0,Friday,1,1,-0.0941162260646682,-0.5637703478988975,0.0823464463163143,4275,1,1.22,1,2,1,2.3
397,2019-02-02,winter,1,2,0,Saturday,0,2,-0.3137244136853548,0.2223341825644399,0.0632150425750056,3571,1,1.22,1,2,1,2.0
398,2019-02-03,winter,1,2,0,Sunday,0,1,-0.5830079733458404,-0.4744402876189728,-0.0252269946142045,3841,1,1.22,1,2,1,2.3
399,2019-02-04,winter,1,2,0,Monday,1,2,-0.7372544898109643,0.7305197937547565,-0.6012043625706296,2448,1,1.22,1,1,1,2.0
400,2019-02-05,winter,1,2,0,Tuesday,1,2,-0.732027814945592,0.2937982307883797,-0.050667691078711,2629,1,1.22,1,1,1,2.0
401,2019-02-06,winter,1,2,0,Wednesday,1,1,-0.679397144152383,-0.0194191640373853,-0.2765403705691846,3578,1,1.22,1,2,1,2.3
402,2019-02-07,winter,1,2,0,Thursday,1,1,-0.4549011057272246,-0.6193550846074777,-0.341882255368623,4176,1,1.22,1,2,1,2.3
403,2019-02-08,winter,1,2,0,Friday,1,2,-0.7607839384846093,0.4605476766442391,-0.4808698682935143,2693,1,1.22,1,2,1,2.0
404,2019-02-09,winter,1,2,0,Saturday,0,1,-0.7346411523782781,-0.3057089054923693,0.1329225508877531,3667,1,1.22,1,2,1,2.3
405,2019-02-10,winter,1,2,0,Sunday,0,2,-0.684968917598302,-0.4109182772876534,-0.6517499383063111,3604,1,1.22,1,2,1,2.0
406,2019-02-11,winter,1,2,0,Monday,1,3,-0.8627448827370708,0.5002483375675781,1.107392811985621,1977,1,1.22,1,1,1,1.0
407,2019-02-12,winter,1,2,0,Tuesday,1,1,-1.1660143780617696,-0.7702252189479776,2.32260329558782,1456,1,1.22,1,1,1,2.3
408,2019-02-13,winter,1,2,0,Wednesday,1,1,-0.8679746948622663,-1.0243180245431365,-0.1393336063968088,3328,1,1.22,1,2,1,2.3
409,2019-02-14,winter,1,2,0,Thursday,1,2,-0.5647051995375678,-0.559801711087528,-0.4049751826005989,3787,1,1.22,1,2,1,2.0
410,2019-02-15,winter,1,2,0,Friday,1,1,-0.4732038795354972,-0.4526056387516183,0.0063601741161264,4028,1,1.22,1,2,1,2.3
411,2019-02-16,winter,1,2,0,Saturday,0,2,-0.5725483490954495,0.6034757730921185,-0.9112857473586196,2931,1,1.22,1,2,1,2.0
412,2019-02-17,winter,1,2,0,Sunday,0,1,-0.4888901786512605,0.0397006609233393,0.2530942247074955,3805,1,1.22,1,2,1,2.3
413,2019-02-18,winter,1,2,1,Monday,0,1,-0.4784305544008695,-0.4367263272362588,0.1012946770430785,2883,1,1.22,0,1,1,2.3
414,2019-02-19,winter,1,2,0,Tuesday,1,2,-0.6875822550309881,-0.5260563875161836,0.7340862083440398,2071,1,1.22,1,1,1,2.0
415,2019-02-20,winter,1,2,0,Wednesday,1,1,-0.6875822550309881,-0.5642038964581225,0.4895604102057898,2627,1,1.22,1,2,1,2.3
416,2019-02-21,winter,1,2,0,Thursday,1,1,-0.6630300596549955,-0.1519897377626749,0.2517814847699271,3614,1,1.22,1,2,1,2.3
417,2019-02-22,winter,1,2,0,Friday,1,1,-0.3241840379357457,-0.2779141550031385,0.544390199226094,4379,1,1.22,1,2,1,2.3
418,2019-02-23,winter,1,2,0,Saturday,0,1,-0.1411751234119581,-0.3414409296043392,0.1011318565857059,4546,1,1.22,1,2,1,2.3
419,2019-02-24,winter,1,2,0,Sunday,0,2,-0.2875816275790235,0.530025024327553,0.5758959577277386,3241,1,1.22,1,2,1,2.0
420,2019-02-25,winter,1,2,0,Monday,1,1,-0.6535963193667753,-1.0977687733077013,2.449094438409346,2415,1,1.22,1,1,1,2.3
421,2019-02-26,winter,1,2,0,Tuesday,1,1,-0.6901955924636743,-1.0302733618951312,0.2468154608200555,2874,1,1.22,1,1,1,2.3
422,2019-02-27,winter,1,2,0,Wednesday,1,1,-0.4156853579378163,-0.6451631345560831,0.8859264611227994,4069,1,1.22,1,2,1,2.3
423,2019-02-28,winter,1,2,0,Thursday,1,1,-0.4392148066114612,-1.0977687733077013,0.1266132581645556,4134,1,1.22,1,2,1,2.3
424,2019-03-01,winter,1,3,0,Friday,1,1,-0.0418306538520058,-0.0516113356273293,0.4682309302899475,4665,1,1.42,1,2,1,2.3
425,2019-03-02,winter,1,3,0,Saturday,0,2,-0.4575175804197338,0.1468967332592486,-0.3670685448684844,2948,1,1.42,1,2,1,2.0
426,2019-03-03,winter,1,3,0,Sunday,0,2,-0.2666655163380647,-0.0238213494079799,-0.2024672387431277,3110,1,1.42,1,2,1,2.0
427,2019-03-04,winter,1,3,0,Monday,1,1,-0.5437922255564323,-1.0620367491957314,1.563035685664931,2713,1,1.42,1,1,1,2.3
428,2019-03-05,winter,1,3,0,Tuesday,1,1,-0.8026161609665269,-0.5717123857915178,0.4872707475239842,3130,1,1.42,1,1,1,2.3
429,2019-03-06,winter,1,3,0,Wednesday,1,1,-0.7555572636192369,-0.8079391793306915,0.2025079438574709,3735,1,1.42,1,2,1,2.3
430,2019-03-07,winter,1,3,0,Thursday,1,1,-0.2980381145695913,-0.5379670622201734,1.677091416054606,4484,1,1.42,1,2,1,2.3
431,2019-03-08,winter,1,3,0,Friday,1,1,0.0888895511992962,-0.279900855543764,2.6518160841171183,4896,1,1.42,1,2,1,2.3
432,2019-03-09,winter,1,3,0,Saturday,0,2,-0.2771251405884558,-1.0441707371397466,2.3794683403252845,4122,1,1.42,1,2,1,2.0
433,2019-03-10,winter,1,3,0,Sunday,0,1,-0.6640528063573432,-1.314142854250265,0.4556428736793097,3150,1,1.42,1,2,1,2.3
434,2019-03-11,winter,1,3,0,Monday,1,1,-0.4311457743463126,-0.7112721434331088,0.4234553045124162,3253,1,1.42,1,1,1,2.3
435,2019-03-12,winter,1,3,0,Tuesday,1,1,-0.1019593756225498,-0.6531004081788221,0.272093336827189,4460,1,1.42,1,1,1,2.3
436,2019-03-13,winter,1,3,0,Wednesday,1,1,0.2065367945675209,-0.0416873614639648,0.5696171938402985,5085,1,1.42,1,2,1,2.3
437,2019-03-14,winter,1,3,0,Thursday,1,1,0.2300662432411659,-0.5677437489801483,-0.6707490504260045,5315,1,1.42,1,2,1,2.3
438,2019-03-15,winter,1,3,0,Friday,1,1,0.1830073458938761,-0.2223341825644396,-0.3164008537897733,5187,1,1.42,1,2,1,2.3
439,2019-03-16,winter,1,3,0,Saturday,0,2,-0.198693645009639,1.0282866613545054,-0.6897786913814552,3830,1,1.42,1,2,1,2.0
440,2019-03-17,winter,1,3,0,Sunday,0,2,0.0470604659772015,0.6173683840668519,-0.715097272502932,4681,1,1.42,1,2,1,2.0
441,2019-03-18,winter,1,3,0,Monday,1,2,-0.0836597390741005,0.8754345907432618,-0.5504552612632324,3685,1,1.42,1,1,1,2.0
442,2019-03-19,winter,1,3,0,Tuesday,1,1,0.1437915981044676,0.4883376628635882,-0.1898690058539041,5171,1,1.42,1,1,1,2.3
443,2019-03-20,winter,1,3,0,Wednesday,1,1,0.1934638328844439,0.8655106165798976,-0.6075645366867564,5042,1,1.42,1,2,1,2.3
444,2019-03-21,spring,1,3,0,Thursday,1,2,0.1019625128823732,0.9290326269112166,-0.9302818065947372,5108,2,1.42,1,2,1,2.0
445,2019-03-22,spring,1,3,0,Friday,1,1,0.1725508589033081,0.9766753257271764,-0.645308353961498,5537,2,1.42,1,2,1,2.3
446,2019-03-23,spring,1,3,0,Saturday,0,2,0.3215707005030598,0.3235749175483546,-0.658150817536781,5893,2,1.42,1,2,1,2.0
447,2019-03-24,spring,1,3,0,Sunday,0,2,0.0104580556204794,1.2347415324035862,0.1201614975411566,2339,2,1.42,1,2,1,2.0
448,2019-03-25,spring,1,3,0,Monday,1,2,-0.1934638328844436,1.2129021192663496,0.4050158877149422,3464,2,1.42,1,1,1,2.0
449,2019-03-26,spring,1,3,0,Tuesday,1,1,-0.1673210467781124,-0.7066984443467769,2.094746241773115,4763,2,1.42,1,1,1,2.3
450,2019-03-27,spring,1,3,0,Wednesday,1,1,-0.5516353751143138,-1.601985747686649,0.0632659239679345,4571,2,1.42,1,2,1,2.3
451,2019-03-28,spring,1,3,0,Thursday,1,1,-0.0470573287173781,-0.6908191328314174,1.1264733343340008,5024,2,1.42,1,2,1,2.3
452,2019-03-29,spring,1,3,0,Friday,1,1,-0.0156847304858517,-0.8913139022586212,1.4111954328861709,5299,2,1.42,1,2,1,2.3
453,2019-03-30,spring,1,3,0,Saturday,0,2,-0.4052288709472484,-0.2163788452124446,-0.4366437615596165,4663,2,1.42,1,2,1,2.0
454,2019-03-31,spring,1,3,0,Sunday,0,2,-0.235292918106538,0.5339936611389222,0.7086963932724623,3934,2,1.42,1,2,1,2.0
455,2019-04-01,spring,1,4,0,Monday,1,2,-0.2300662432411657,0.2382134940797991,-0.0886150339251688,3694,2,2.05,1,1,1,2.0
456,2019-04-02,spring,1,4,0,Tuesday,1,1,-0.2047171838700922,-0.5807740271063133,1.3347614044282077,4728,2,2.05,1,1,1,2.3
457,2019-04-03,spring,1,4,0,Wednesday,1,1,-0.1019593756225498,-1.0937953722264504,-0.822670713433451,5424,2,2.05,1,2,1,2.3
458,2019-04-04,spring,1,4,0,Thursday,1,1,0.1333351111138999,-0.7464038695399977,0.0,5378,2,2.05,1,2,1,2.3
459,2019-04-05,spring,1,4,0,Friday,1,1,-0.2013069824423252,-1.20099144456236,0.3923362445970322,5265,2,2.05,1,2,1,2.3
460,2019-04-06,spring,1,4,0,Saturday,0,1,-0.3006545892621006,-1.187098833587626,1.2151799547664417,4653,2,2.05,1,2,1,2.3
461,2019-04-07,spring,1,4,0,Sunday,0,1,-0.1934638328844436,-1.772703830353878,0.9555118540925178,3605,2,2.05,1,2,1,2.3
462,2019-04-08,spring,1,4,0,Monday,1,1,0.0026149060625978,-1.6694811590992191,0.5253096768777142,2939,2,2.05,1,1,1,2.3
463,2019-04-09,spring,1,4,0,Tuesday,1,1,-0.0313710296016149,-1.4709683259427595,1.8034502672545163,4680,2,2.05,1,1,1,2.3
464,2019-04-10,spring,1,4,0,Wednesday,1,1,-0.1647045720856031,-0.9111666148552316,0.6960574552688953,5099,2,2.05,1,2,1,2.3
465,2019-04-11,spring,1,4,0,Thursday,1,1,-0.4720650542196928,-0.7464896263978665,1.1631384660786472,4380,2,2.05,1,2,1,2.3
466,2019-04-12,spring,1,4,0,Friday,1,1,-0.3189542258105502,-0.7622831810553572,1.1138343963304336,4746,2,2.05,1,2,1,2.3
467,2019-04-13,spring,1,4,0,Saturday,0,1,-0.1777775337686804,-1.0382153997877517,-0.2595358090523088,5146,2,2.05,1,2,1,2.3
468,2019-04-14,spring,1,4,0,Sunday,0,1,-0.0130713930531653,-0.5875916973068773,0.1011725617000491,4665,2,2.05,1,2,1,2.3
469,2019-04-15,spring,1,4,0,Monday,1,1,0.3372569996188229,-0.5637703478988975,0.4493234046775264,4286,2,2.05,1,1,1,2.3
470,2019-04-16,spring,1,4,1,Tuesday,0,1,0.5176494394501012,-0.3076908417631134,1.0568472362499393,5172,2,2.05,0,1,1,2.3
471,2019-04-17,spring,1,4,0,Wednesday,1,1,0.3424836744841953,-1.123572058986425,0.9428729160889509,5702,2,2.05,1,2,1,2.3
472,2019-04-18,spring,1,4,0,Thursday,1,2,-0.1124189998729409,-0.2719588176511435,-0.1329327271663388,4020,2,2.05,1,2,1,2.0
473,2019-04-19,spring,1,4,0,Friday,1,1,-0.0026149060625975,-0.0655087108719447,-1.170738110926525,5719,2,2.05,1,2,1,2.3
474,2019-04-20,spring,1,4,0,Saturday,0,1,0.08627621376661,0.325556853819098,-0.316522969132803,5950,2,2.05,1,2,1,2.3
475,2019-04-21,spring,1,4,0,Sunday,0,1,0.2222230936832843,0.2699768813803998,1.0442082982463727,4083,2,2.05,1,2,1,2.3
476,2019-04-22,spring,1,4,0,Monday,1,3,-0.3215675632432364,0.9965280383237872,1.6645440645583114,907,2,2.05,1,1,1,1.0
477,2019-04-23,spring,1,4,0,Tuesday,1,2,-0.5568620499796861,0.6689844839640633,1.246807828611116,3019,2,2.05,1,1,1,2.0
478,2019-04-24,spring,1,4,0,Wednesday,1,1,-0.269281991030574,-0.8198498540346815,0.6961388654975817,5115,2,2.05,1,2,1,2.3
479,2019-04-25,spring,1,4,0,Thursday,1,1,-0.0705867773910232,-0.944911938426576,-0.6327915313009609,5541,2,2.05,1,2,1,2.3
480,2019-04-26,spring,1,4,0,Friday,1,2,-0.0026149060625975,0.6213417851481035,-0.044266811848241,4551,2,2.05,1,2,1,2.0
481,2019-04-27,spring,1,4,0,Saturday,0,1,-0.1307186364213903,-1.0739474238997215,1.6959582365526835,5219,2,2.05,1,2,1,2.3
482,2019-04-28,spring,1,4,0,Sunday,0,2,-0.3843127597062897,-0.651118471908078,-0.5189902078759308,3100,2,2.05,1,2,1,2.0
483,2019-04-29,spring,1,4,0,Monday,1,1,-0.1281052989887041,-0.1866021584524697,-0.6519636401566129,4075,2,2.05,1,1,1,2.3
484,2019-04-30,spring,1,4,0,Tuesday,1,2,-0.1098025251804314,-0.267990180839774,-0.0950159131556385,4907,2,2.05,1,1,1,2.0
485,2019-05-01,spring,1,5,0,Wednesday,1,2,0.3581699735999587,0.1588074079632386,-0.253175634936182,5087,2,2.34,1,2,1,2.0
486,2019-05-02,spring,1,5,0,Thursday,1,1,0.2039234571348347,0.8138945166826862,-0.4367353480668887,5502,2,2.34,1,2,1,2.3
487,2019-05-03,spring,1,5,0,Friday,1,2,0.1908504954517577,0.6769217575868016,-0.4811242752581594,5657,2,2.34,1,2,1,2.0
488,2019-05-04,spring,1,5,0,Saturday,0,1,0.4026155335145624,0.5201010501641888,-0.1835495368521209,5227,2,2.34,1,2,1,2.3
489,2019-05-05,spring,1,5,0,Sunday,0,2,0.384315896966113,0.6213417851481035,-0.2847628036665133,4387,2,2.34,1,2,1,2.0
490,2019-05-06,spring,1,5,0,Monday,1,2,0.1986936450096393,0.541935699031543,-0.3164415589041165,4224,2,2.34,1,1,1,2.0
491,2019-05-07,spring,1,5,0,Tuesday,1,2,0.1202621494308228,0.1806468211004751,0.5062291545293343,5265,2,2.34,1,1,1,2.0
492,2019-05-08,spring,1,5,0,Wednesday,1,2,0.2588255040400065,0.2838694923551331,1.1708215564109286,4990,2,2.34,1,2,1,2.0
493,2019-05-09,spring,1,5,0,Thursday,1,2,0.2379093927990475,0.5617884116281537,0.3606167842450854,4097,2,2.34,1,2,1,2.0
494,2019-05-10,spring,1,5,0,Friday,1,1,0.0209145426110474,-0.3533516043083292,1.354340564427292,5546,2,2.34,1,2,1,2.3
495,2019-05-11,spring,1,5,0,Saturday,0,1,0.1071891877477455,-1.2665001554343047,0.5694849022186831,5711,2,2.34,1,2,1,2.3
496,2019-05-12,spring,1,5,0,Sunday,0,1,0.2039234571348347,-0.694787769642787,-0.5886163059599918,4807,2,2.34,1,2,1,2.3
497,2019-05-13,spring,1,5,0,Monday,1,1,0.3555566361672725,-0.2382134940797991,0.4492012893344967,3946,2,2.34,1,1,1,2.3
498,2019-05-14,spring,1,5,0,Tuesday,1,2,0.2326795806738521,0.7781624925707163,0.3227610279058998,2501,2,2.34,1,1,1,2.0
499,2019-05-15,spring,1,5,0,Wednesday,1,2,0.3529432987345864,0.8019838419786962,-0.3417499637470076,4490,2,2.34,1,2,1,2.0
500,2019-05-16,spring,1,5,0,Thursday,1,1,0.4313747943134029,0.3414409296043395,-0.5949357749617753,6433,2,2.34,1,2,1,2.3
501,2019-05-17,spring,1,5,0,Friday,1,1,0.2954247771369054,-0.5062036749195731,0.4935495114114243,6142,2,2.34,1,2,1,2.3
502,2019-05-18,spring,1,5,0,Saturday,0,1,0.2039234571348347,-0.4903243634042136,-0.4493641097918697,6118,2,2.34,1,2,1,2.3
503,2019-05-19,spring,1,5,0,Sunday,0,1,0.3163408883778643,-0.809925879871317,-0.9870990228228488,4884,2,2.34,1,2,1,2.3
504,2019-05-20,spring,1,5,0,Monday,1,1,0.3816994222736038,-0.4565742755629878,0.7468574379692218,4425,2,2.34,1,1,1,2.3
505,2019-05-21,spring,1,5,0,Tuesday,1,2,0.3111110762526686,0.8813899280952567,0.5314968542578821,3729,2,2.34,1,1,1,2.0
506,2019-05-22,spring,1,5,0,Wednesday,1,2,0.3633997857251542,0.6650110828828117,-0.6391517054170875,5254,2,2.34,1,2,1,2.0
507,2019-05-23,spring,1,5,0,Thursday,1,2,0.384315896966113,0.7066984443467765,-0.8036716013137576,4494,2,2.34,1,2,1,2.0
508,2019-05-24,spring,1,5,0,Friday,1,1,0.4888901786512608,0.4307709898842642,-0.0822141546946988,5711,2,2.34,1,2,1,2.3
509,2019-05-25,spring,1,5,0,Saturday,0,1,0.5673216742300773,0.575681022602887,-0.4113760618310687,5317,2,2.34,1,2,1,2.3
510,2019-05-26,spring,1,5,0,Sunday,0,1,0.6065374220194855,0.5062036749195731,0.1833460112804047,3681,2,2.34,1,2,1,2.3
511,2019-05-27,spring,1,5,1,Monday,0,1,0.5986942724616039,0.3374675285230879,0.3479880225201044,3308,2,2.34,0,1,1,2.3
512,2019-05-28,spring,1,5,0,Tuesday,1,1,0.6692826184825388,0.2382134940797991,0.1582004268948866,3486,2,2.34,1,1,1,2.3
513,2019-05-29,spring,1,5,0,Wednesday,1,1,0.7006552167140655,0.2779141550031381,1.1644206771804582,4863,2,2.34,1,2,1,2.3
514,2019-05-30,spring,1,5,0,Thursday,1,2,0.4941199907764562,0.2084368073198242,-0.4746826909133465,6110,2,2.34,1,2,1,2.0
515,2019-05-31,spring,1,5,0,Friday,1,1,0.5673216742300773,-0.6352343961228372,0.1455614888913199,6238,2,2.34,1,2,1,2.3
516,2019-06-01,spring,1,6,0,Saturday,0,2,0.4862768412185746,0.6153864477961085,0.5758552526133957,3594,2,2.63,1,2,1,2.0
517,2019-06-02,spring,1,6,0,Sunday,0,1,0.2640521789053788,-0.3672442152830631,0.0568548684588788,5325,2,2.63,1,2,1,2.3
518,2019-06-03,spring,1,6,0,Monday,1,1,0.3241840379357459,-0.6332524598520931,0.0316685789590175,5147,2,2.63,1,1,1,2.3
519,2019-06-04,spring,1,6,0,Tuesday,1,1,0.3084977388199825,-0.663029146612068,1.0568879413642829,5927,2,2.63,1,1,1,2.3
520,2019-06-05,spring,1,6,0,Wednesday,1,2,0.1307186364213906,-0.0615400740605752,0.2910415675539533,6033,2,2.63,1,2,1,2.0
521,2019-06-06,spring,1,6,0,Thursday,1,1,0.1725508589033081,-0.0714640482239397,-1.0568065311355963,6028,2,2.63,1,2,1,2.3
522,2019-06-07,spring,1,6,0,Friday,1,1,0.3241840379357459,-0.2818875560843894,-0.2404145815895855,6456,2,2.63,1,2,1,2.3
523,2019-06-08,spring,1,6,0,Saturday,0,1,0.4705905421028111,-0.7543411431627367,-0.056905749851808,6248,2,2.63,1,2,1,2.3
524,2019-06-09,spring,1,6,0,Sunday,0,1,0.6640528063573433,-0.9012426406918672,-0.3733473087559244,4790,2,2.63,1,2,1,2.3
525,2019-06-10,spring,1,6,0,Monday,1,1,0.7137281783971428,-0.4188603151802739,-0.4808698682935143,4374,2,2.63,1,1,1,2.3
526,2019-06-11,spring,1,6,0,Tuesday,1,2,0.69542540458887,-0.1826287573712188,0.272093336827189,5647,2,2.63,1,1,1,2.0
527,2019-06-12,spring,1,6,0,Wednesday,1,2,0.4836603665260653,0.9865992998905404,0.3416278484039779,4495,2,2.63,1,2,1,2.0
528,2019-06-13,spring,1,6,0,Thursday,1,1,0.4915035160839469,-0.2104235078604497,1.6516507195900996,6248,2,2.63,1,2,1,2.3
529,2019-06-14,spring,1,6,0,Friday,1,1,0.4679740674103019,-0.2699768813803995,0.7404056773458231,6183,2,2.63,1,2,1,2.3
530,2019-06-15,spring,1,6,0,Saturday,0,1,0.4392179438712845,-0.1746914837484798,-0.0443482220769275,6102,2,2.63,1,2,1,2.3
531,2019-06-16,spring,1,6,0,Sunday,0,1,0.4156884951976397,-0.5816363599548824,-0.1456021940056631,4739,2,2.63,1,2,1,2.3
532,2019-06-17,spring,1,6,0,Monday,1,1,0.2928114397042193,-0.1310174217438895,-0.3670685448684844,4344,2,2.63,1,1,1,2.3
533,2019-06-18,spring,1,6,0,Tuesday,1,2,0.2169932815580889,0.7225825201320182,-0.0633880393109642,4446,2,2.63,1,1,1,2.0
534,2019-06-19,spring,1,6,0,Wednesday,1,1,0.5934644603364084,0.3037222049517438,-0.3353897896308808,5857,2,2.63,1,2,1,2.3
535,2019-06-20,spring,1,6,0,Thursday,1,1,0.8888908061032256,-0.1627808090444898,-0.6834693986582577,5339,2,2.63,1,2,1,2.3
536,2019-06-21,summer,1,6,0,Friday,1,1,0.9620924895568465,-0.2779141550031385,-0.63284241269389,5127,2,2.63,1,2,1,2.3
537,2019-06-22,summer,1,6,0,Saturday,0,1,0.8732045069874621,-0.250124168783789,0.0189991121196932,4859,2,2.63,1,2,1,2.3
538,2019-06-23,summer,1,6,0,Sunday,0,1,0.7294144775129059,-0.4367263272362588,-0.0127610533465964,4801,2,2.63,1,2,1,2.3
539,2019-06-24,summer,1,6,0,Monday,1,1,0.7660137506098049,-0.7007431069947819,-0.3607490758667008,4340,2,2.63,1,1,1,2.3
540,2019-06-25,summer,1,6,0,Tuesday,1,1,0.6797391054731068,-0.5816363599548824,1.2151290733735127,5640,2,2.63,1,1,1,2.3
541,2019-06-26,summer,1,6,0,Wednesday,1,1,0.4130720205051304,-1.204964845643611,1.6960498230599563,6365,2,2.63,1,2,1,2.3
542,2019-06-27,summer,1,6,0,Thursday,1,1,0.6222237211352489,-1.2684868559749305,0.924006095590873,6258,2,2.63,1,2,1,2.3
543,2019-06-28,summer,1,6,0,Friday,1,1,0.7843165244180776,-0.9707199883751814,-0.0948937978126088,5958,2,2.63,1,2,1,2.3
544,2019-06-29,summer,1,6,0,Saturday,0,1,1.0509836093860545,-0.6550871087194475,-0.1583225422379163,4634,2,2.63,1,2,1,2.3
545,2019-06-30,summer,1,6,0,Sunday,0,1,0.8339887591980536,-0.1191067470398995,-0.2025486489718141,4232,2,2.63,1,2,1,2.3
546,2019-07-01,summer,1,7,0,Monday,1,1,0.9934650877883732,-0.5121590122715681,-0.1266539632788988,4110,2,2.42,1,1,1,2.3
547,2019-07-02,summer,1,7,0,Tuesday,1,1,0.8862774686705391,-0.8535999418759073,0.1454393735482902,5323,2,2.42,1,1,1,2.3
548,2019-07-03,summer,1,7,0,Wednesday,1,1,0.8836609939780299,-0.639207797204088,-0.5570291372296607,5608,2,2.42,1,2,1,2.3
549,2019-07-04,summer,1,7,1,Thursday,0,1,0.909806917344184,-0.4168736146396484,-0.4683632219115629,4841,2,2.42,0,2,1,2.3
550,2019-07-05,summer,1,7,0,Friday,1,1,1.0300674981450957,-0.8019838419786965,0.1328411406590666,4836,2,2.42,1,2,1,2.3
551,2019-07-06,summer,1,7,0,Saturday,0,1,1.0326808355777812,-0.8357339298199223,-0.3544703119792608,4841,2,2.42,1,2,1,2.3
552,2019-07-07,summer,1,7,0,Sunday,0,1,1.1372582545227523,-0.639207797204088,-0.1772809492432664,3392,2,2.42,1,2,1,2.3
553,2019-07-08,summer,1,7,0,Monday,1,1,1.0143811990293317,-0.250124168783789,-0.5632163146098289,3469,2,2.42,1,1,1,2.3
554,2019-07-09,summer,1,7,0,Tuesday,1,2,0.6640528063573433,0.2719588176511431,0.0,5571,2,2.42,1,1,1,2.0
555,2019-07-10,summer,1,7,0,Wednesday,1,2,0.69542540458887,0.1965261326158342,-0.2975340332916955,5336,2,2.42,1,2,1,2.0
556,2019-07-11,summer,1,7,0,Thursday,1,1,0.6823555801656161,0.0337453235713444,-0.2975747384060385,6289,2,2.42,1,2,1,2.3
557,2019-07-12,summer,1,7,0,Friday,1,1,0.6797391054731068,-0.4605476766442387,-0.3480287276344476,6414,2,2.42,1,2,1,2.3
558,2019-07-13,summer,1,7,0,Saturday,0,2,0.7294144775129059,-0.668984483964063,-1.018899893403482,5988,2,2.42,1,2,1,2.0
559,2019-07-14,summer,1,7,0,Sunday,0,2,0.6405233576836983,0.3473962669563345,-0.3795344861360925,4614,2,2.42,1,2,1,2.0
560,2019-07-15,summer,1,7,0,Monday,1,1,0.7738569001676868,0.4367263272362592,-0.1456021940056631,4111,2,2.42,1,1,1,2.3
561,2019-07-16,summer,1,7,0,Tuesday,1,1,0.8287589470728582,0.0893300602799246,-0.1708393648984534,5742,2,2.42,1,1,1,2.3
562,2019-07-17,summer,1,7,0,Wednesday,1,1,1.001308237346255,-0.5736990863321434,-0.6771906347708174,5865,2,2.42,1,2,1,2.3
563,2019-07-18,summer,1,7,0,Thursday,1,1,0.9228767417674384,-0.2342448572684296,-0.443003935675743,4914,2,2.42,1,2,1,2.3
564,2019-07-19,summer,1,7,0,Friday,1,1,0.8496750583138171,-0.123075383851269,-0.1582004268948866,5703,2,2.42,1,2,1,2.3
565,2019-07-20,summer,1,7,0,Saturday,0,2,0.5228761143154735,1.038215399787752,0.2848543901737853,5123,2,2.42,1,2,1,2.0
566,2019-07-21,summer,1,7,0,Sunday,0,3,0.303267926694787,1.1394561347716663,0.3289482052860679,3195,2,2.42,1,2,1,1.0
567,2019-07-22,summer,1,7,0,Monday,1,2,0.528105926440669,0.6491317713674526,-0.8858877912641737,4866,2,2.42,1,1,1,2.0
568,2019-07-23,summer,1,7,0,Tuesday,1,1,0.7607870757444326,0.3235749175483546,-0.4303751739507622,5831,2,2.42,1,1,1,2.3
569,2019-07-24,summer,1,7,0,Wednesday,1,1,0.78954319928345,0.1369727590958845,0.3101627950166762,6452,2,2.42,1,2,1,2.3
570,2019-07-25,summer,1,7,0,Thursday,1,1,0.7058850288392612,-0.8397025666312918,-0.1646013061253564,6790,2,2.42,1,2,1,2.3
571,2019-07-26,summer,1,7,0,Friday,1,1,0.870591169554776,-0.140941395907254,1.056684415792567,5825,2,2.42,1,2,1,2.3
572,2019-07-27,summer,1,7,0,Saturday,0,1,0.8862774686705391,-0.1508701343404999,-0.2847628036665133,5645,2,2.42,1,2,1,2.3
573,2019-07-28,summer,1,7,0,Sunday,0,1,0.8052294983992134,-0.0615400740605752,-0.2404145815895855,4451,2,2.42,1,2,1,2.3
574,2019-07-29,summer,1,7,0,Monday,1,1,0.6980418792813793,-0.0119106747039899,-0.1076548511592053,4444,2,2.42,1,1,1,2.3
575,2019-07-30,summer,1,7,0,Tuesday,1,1,0.7267980028203966,0.2024814699678292,-0.2784026295503866,6065,2,2.42,1,1,1,2.3
576,2019-07-31,summer,1,7,0,Wednesday,1,1,0.671895955915225,0.3712176163643144,-0.1582411320092299,6248,2,2.42,1,2,1,2.3
577,2019-08-01,summer,1,8,0,Thursday,1,1,0.6849689175983023,0.2441688314317941,-0.4049751826005989,6506,2,2.48,1,2,1,2.3
578,2019-08-02,summer,1,8,0,Friday,1,1,0.7947730114086454,0.1588074079632386,-0.5253096768777142,6278,2,2.48,1,2,1,2.3
579,2019-08-03,summer,1,8,0,Saturday,0,2,0.8366020966307398,0.0774193855759347,0.3543074915218879,5847,2,2.48,1,2,1,2.0
580,2019-08-04,summer,1,8,0,Sunday,0,1,0.9228767417674384,-0.0615400740605752,0.7783123150779376,4479,2,2.48,1,2,1,2.3
581,2019-08-05,summer,1,8,0,Monday,1,1,0.847061720881131,0.1250620843918945,1.1137529861017477,3757,2,2.48,1,1,1,2.3
582,2019-08-06,summer,1,8,0,Tuesday,1,2,0.7947730114086454,0.1330041222845153,-0.5253096768777142,5780,2,2.48,1,1,1,2.0
583,2019-08-07,summer,1,8,0,Wednesday,1,2,0.7424843019361601,0.3692309158236886,-0.6519636401566129,5995,2,2.48,1,2,1,2.0
584,2019-08-08,summer,1,8,0,Thursday,1,2,0.7869298618507639,0.2223341825644399,-0.7151379776172753,6271,2,2.48,1,2,1,2.0
585,2019-08-09,summer,1,8,0,Friday,1,1,0.8052294983992134,-0.0277899862193494,-0.2531349298218387,6090,2,2.48,1,2,1,2.3
586,2019-08-10,summer,1,8,0,Saturday,0,2,0.6797391054731068,0.4267975888030126,0.5885756008456489,4721,2,2.48,1,2,1,2.0
587,2019-08-11,summer,1,8,0,Sunday,0,2,0.6065374220194855,0.508190375460199,0.2595358090523085,4052,2,2.48,1,2,1,2.0
588,2019-08-12,summer,1,8,0,Monday,1,1,0.6326802081258167,-0.4565742755629878,-0.5949357749617753,4362,2,2.48,1,1,1,2.3
589,2019-08-13,summer,1,8,0,Tuesday,1,1,0.69542540458887,-0.3851102273390481,-0.4555207583362803,5676,2,2.48,1,1,1,2.3
590,2019-08-14,summer,1,8,0,Wednesday,1,1,0.7137281783971428,0.2878428934363847,-0.1202530840484288,5656,2,2.48,1,2,1,2.3
591,2019-08-15,summer,1,8,0,Thursday,1,1,0.6509829819340894,-0.0317633873006003,-0.114015025275332,6149,2,2.48,1,2,1,2.3
592,2019-08-16,summer,1,8,0,Friday,1,1,0.6901987297234977,-0.5101723117309427,-0.3986964187131586,6267,2,2.48,1,2,1,2.3
593,2019-08-17,summer,1,8,0,Saturday,0,1,0.7032685541467516,-0.2640215440284045,0.5126707388741475,5665,2,2.48,1,2,1,2.3
594,2019-08-18,summer,1,8,0,Sunday,0,1,0.5620918621048818,-0.109182772876535,-0.0316278738446742,5038,2,2.48,1,2,1,2.3
595,2019-08-19,summer,1,8,0,Monday,1,2,0.4287583196208936,0.4069496404762843,-0.9619127333229874,3341,2,2.48,1,1,1,2.0
596,2019-08-20,summer,1,8,0,Tuesday,1,2,0.4287583196208936,0.5141457128121939,-0.5189495027615876,5504,2,2.48,1,1,1,2.0
597,2019-08-21,summer,1,8,0,Wednesday,1,1,0.4705905421028111,0.2263028193758091,-1.1011160833538978,5925,2,2.48,1,2,1,2.3
598,2019-08-22,summer,1,8,0,Thursday,1,1,0.528105926440669,0.2421821308911683,-1.126429576336082,6281,2,2.48,1,2,1,2.3
599,2019-08-23,summer,1,8,0,Friday,1,1,0.6169939090100536,0.0456559982753343,-0.9807815890767824,6402,2,2.48,1,2,1,2.3
600,2019-08-24,summer,1,8,0,Saturday,0,2,0.6379100202510122,-0.0535980361679548,-1.1074762574700243,6257,2,2.48,1,2,1,2.0
601,2019-08-25,summer,1,8,0,Sunday,0,2,0.5098062898922197,0.4129049778282793,0.6455118795332142,4224,2,2.48,1,2,1,2.0
602,2019-08-26,summer,1,8,0,Monday,1,2,0.4836603665260653,1.0461526734104902,0.4872707475239842,3772,2,2.48,1,1,1,2.0
603,2019-08-27,summer,1,8,0,Tuesday,1,1,0.6405233576836983,0.496279700756209,-0.5316291458794975,5928,2,2.48,1,1,1,2.3
604,2019-08-28,summer,1,8,0,Wednesday,1,1,0.7189548532625151,-0.0297766867599748,0.1012539719287356,6105,2,2.48,1,2,1,2.3
605,2019-08-29,summer,1,8,0,Thursday,1,1,0.5830079733458408,-0.3533516043083292,-0.6961897468905108,6520,2,2.48,1,2,1,2.3
606,2019-08-30,summer,1,8,0,Friday,1,1,0.6509829819340894,-0.1707180826672289,-1.0568909942478586,6541,2,2.48,1,2,1,2.3
607,2019-08-31,summer,1,8,0,Saturday,0,1,0.8313754217653675,-0.1846154579118443,-0.1266132581645556,5917,2,2.48,1,2,1,2.3
608,2019-09-01,summer,1,9,0,Sunday,0,2,0.7973863488413315,0.0575666729793243,-0.6898295727743842,3788,2,2.51,1,2,1,2.0
609,2019-09-02,summer,1,9,1,Monday,0,2,0.6196103837025628,0.8992559401512417,-1.1896497070503802,3197,2,2.51,0,1,1,2.0
610,2019-09-03,summer,1,9,0,Tuesday,1,1,0.6535963193667756,0.7841178299227113,-0.3038026209005498,4069,2,2.51,1,1,1,2.3
611,2019-09-04,summer,1,9,0,Wednesday,1,1,0.7111117037046335,0.6133997472554827,0.5632163146098289,5997,2,2.51,1,2,1,2.3
612,2019-09-05,summer,1,9,0,Thursday,1,1,0.7451007766286694,0.547891036383538,0.0695345115767888,6280,2,2.51,1,2,1,2.3
613,2019-09-06,summer,1,9,0,Friday,1,2,0.6196103837025628,0.8774212912838876,-0.3923362445970322,5592,2,2.51,1,2,1,2.0
614,2019-09-07,summer,1,9,0,Saturday,0,1,0.6405233576836983,0.524069686975558,-0.094934502926952,6459,2,2.51,1,2,1,2.3
615,2019-09-08,summer,1,9,0,Sunday,0,2,0.5019631403343378,0.8238232551159328,1.0189405985178248,4419,2,2.51,1,2,1,2.0
616,2019-09-09,summer,1,9,0,Monday,1,1,0.347713486609391,-0.3751862531756836,0.4428818203327135,5657,2,2.51,1,1,1,2.3
617,2019-09-10,summer,1,9,0,Tuesday,1,1,0.2640521789053788,-0.5836230604955078,0.7910835447031196,6407,2,2.51,1,1,1,2.3
618,2019-09-11,summer,1,9,0,Wednesday,1,1,0.2457525423569291,-0.5062036749195731,-0.9048828328724328,6697,2,2.51,1,2,1,2.3
619,2019-09-12,summer,1,9,0,Thursday,1,1,0.3137275509451782,-0.2342448572684296,-0.4999503906418943,6820,2,2.51,1,2,1,2.3
620,2019-09-13,summer,1,9,0,Friday,1,1,0.3555566361672725,0.0516113356273293,-0.9998621114251623,6750,2,2.51,1,2,1,2.3
621,2019-09-14,summer,1,9,1,Saturday,0,1,0.420915170063012,0.2203474820238141,-0.7847131943084074,6630,2,2.51,0,2,1,2.3
622,2019-09-15,summer,1,9,0,Sunday,0,1,0.3424836744841953,-0.5935470346588724,0.6771906347708174,5554,2,2.51,1,2,1,2.3
623,2019-09-16,summer,1,9,0,Monday,1,1,0.253595691914811,-0.267990180839774,-0.9239216324786108,5167,2,2.51,1,1,1,2.3
624,2019-09-17,summer,1,9,0,Tuesday,1,2,0.2562090293474972,0.5161276490829373,-0.2974831518987663,5847,2,2.51,1,1,1,2.0
625,2019-09-18,summer,1,9,0,Wednesday,1,2,0.3895425718314854,1.1732014583430106,1.7972529135957624,3702,2,2.51,1,2,1,2.0
626,2019-09-19,summer,1,9,0,Thursday,1,1,0.1673210467781127,-0.4267975888030129,0.3480287276344476,6803,2,2.51,1,2,1,2.3
627,2019-09-20,summer,1,9,0,Friday,1,1,0.1490214102296633,-0.0377187246525953,-0.6391517054170875,6781,2,2.51,1,2,1,2.3
628,2019-09-21,summer,1,9,0,Saturday,0,1,0.3137275509451782,0.2024814699678292,-0.2721747470558755,6917,2,2.51,1,2,1,2.3
629,2019-09-22,summer,1,9,0,Sunday,0,1,0.4732038795354973,0.0972720981725454,1.0441675931320291,5883,2,2.51,1,2,1,2.3
630,2019-09-23,autumn,1,9,0,Monday,1,1,0.0941193633244916,-0.7583145442439877,0.4302835874434897,5453,2,2.51,1,1,1,2.3
631,2019-09-24,autumn,1,9,0,Tuesday,1,1,0.0470604659772015,-0.6352343961228372,-0.3925092413329908,6435,2,2.51,1,1,1,2.3
632,2019-09-25,autumn,1,9,0,Wednesday,1,1,0.1594778972202311,-0.267990180839774,0.5632163146098289,6693,2,2.51,1,2,1,2.3
633,2019-09-26,autumn,1,9,0,Thursday,1,1,0.4261449821882074,0.0218346488673544,0.6454304693045277,6946,2,2.51,1,2,1,2.3
634,2019-09-27,autumn,1,9,0,Friday,1,2,0.4732038795354973,0.307690841763113,-0.474550399291731,6642,2,2.51,1,2,1,2.0
635,2019-09-28,autumn,1,9,0,Saturday,0,2,0.3764727474082312,0.3037222049517438,-0.1709207751271399,6370,2,2.51,1,2,1,2.0
636,2019-09-29,autumn,1,9,0,Sunday,0,1,0.135948448546586,-0.397020902043038,0.4745096941773878,5966,2,2.51,1,2,1,2.3
637,2019-09-30,autumn,1,9,0,Monday,1,1,0.08627621376661,-0.2044681705084547,-0.4682818116828767,4874,2,2.51,1,1,1,2.3
638,2019-10-01,autumn,1,10,0,Tuesday,1,2,0.0679734399583373,0.1091827728765354,-0.917603181104686,6015,2,2.42,1,1,1,2.0
639,2019-10-02,autumn,1,10,0,Wednesday,1,3,0.2875816275790238,1.1692328215316414,-0.7784853118138961,4324,2,2.42,1,2,1,1.0
640,2019-10-03,autumn,1,10,0,Thursday,1,2,0.4967333282091423,0.798015205167327,-1.1644634175505189,6844,2,2.42,1,2,1,2.0
641,2019-10-04,autumn,1,10,0,Friday,1,2,0.4967333282091423,0.4605476766442391,-0.6454711744188709,6437,2,2.42,1,2,1,2.0
642,2019-10-05,autumn,1,10,0,Saturday,0,1,0.3633997857251542,0.0059553373519949,-0.7594047894655164,6640,2,2.42,1,2,1,2.3
643,2019-10-06,autumn,1,10,0,Sunday,0,1,0.1725508589033081,0.1806468211004751,0.8858450508941129,4934,2,2.42,1,2,1,2.3
644,2019-10-07,autumn,1,10,0,Monday,1,2,-0.2614388414726923,0.3910655646910427,-0.4051481793365576,2729,2,2.42,1,1,1,2.0
645,2019-10-08,autumn,1,10,0,Tuesday,1,2,-0.3633997857251539,0.3970209020430377,0.0885743288108256,4604,2,2.42,1,1,1,2.0
646,2019-10-09,autumn,1,10,0,Wednesday,1,2,-0.1647045720856031,0.6451631345560834,0.0948937978126088,5791,2,2.42,1,2,1,2.0
647,2019-10-10,autumn,1,10,0,Thursday,1,1,0.0470604659772015,0.0218346488673544,0.0696668031984042,6911,2,2.42,1,2,1,2.3
648,2019-10-11,autumn,1,10,0,Friday,1,1,-0.2013069824423252,-0.7761805562999726,0.0063194690017832,6736,2,2.42,1,2,1,2.3
649,2019-10-12,autumn,1,10,0,Saturday,0,1,-0.1934638328844436,-0.414886914099023,0.5507096682278773,6222,2,2.42,1,2,1,2.3
650,2019-10-13,autumn,1,10,0,Sunday,0,1,-0.3320271874936272,-0.6272971225000982,-0.3544703119792608,4857,2,2.42,1,2,1,2.3
651,2019-10-14,autumn,1,10,0,Monday,1,1,0.0705899146508465,0.0674954114125705,0.9935813122820047,4559,2,2.42,1,1,1,2.3
652,2019-10-15,autumn,1,10,0,Tuesday,1,2,0.1960803075769532,0.3870969278796735,1.170902966639615,5115,2,2.42,1,1,1,2.0
653,2019-10-16,autumn,1,10,0,Wednesday,1,1,-0.0967327007571775,-0.3235749175483542,0.01267964311791,6612,2,2.42,1,2,1,2.3
654,2019-10-17,autumn,1,10,0,Thursday,1,1,-0.1359484485465857,0.3176195801963596,-0.8100724805442273,6482,2,2.42,1,2,1,2.3
655,2019-10-18,autumn,1,10,0,Friday,1,2,0.0732032520835327,0.4863509623229624,0.5694849022186831,6501,2,2.42,1,2,1,2.0
656,2019-10-19,autumn,1,10,0,Saturday,0,2,0.2013069824423255,0.8992559401512417,-0.4683225167972197,4671,2,2.42,1,2,1,2.0
657,2019-10-20,autumn,1,10,0,Sunday,0,1,-0.0470573287173781,-0.2540928055951585,-0.6455627609261432,5284,2,2.42,1,2,1,2.3
658,2019-10-21,autumn,1,10,0,Monday,1,1,-0.1098025251804314,-0.5538463737355329,-0.1518402527787601,4692,2,2.42,1,1,1,2.3
659,2019-10-22,autumn,1,10,0,Tuesday,1,1,-0.0366008417268103,-0.2759322187323944,-1.012455256175093,6228,2,2.42,1,1,1,2.3
660,2019-10-23,autumn,1,10,0,Wednesday,1,1,0.1411782606717814,0.0734507487645655,-0.8795276171480471,6625,2,2.42,1,2,1,2.3
661,2019-10-24,autumn,1,10,0,Thursday,1,1,0.2771251405884558,0.0476426988159598,-1.101030602613777,6898,2,2.42,1,2,1,2.3
662,2019-10-25,autumn,1,10,0,Friday,1,2,0.1594778972202311,0.8297785924679277,-0.5759773679564251,6484,2,2.42,1,2,1,2.0
663,2019-10-26,autumn,1,10,0,Saturday,0,2,0.1464049355371538,0.861537215498646,-0.4936309216401107,6262,2,2.42,1,2,1,2.0
664,2019-10-27,autumn,1,10,0,Sunday,0,2,0.0967327007571778,0.4466503013996233,0.5568154353793588,5209,2,2.42,1,2,1,2.0
665,2019-10-28,autumn,1,10,0,Monday,1,2,-0.067973439958337,0.325556853819098,2.208588270312488,3461,2,2.42,1,1,1,2.0
666,2019-10-29,autumn,1,10,0,Tuesday,1,3,-0.185620683326562,1.2089334824549804,1.80349097236886,20,2,2.42,1,1,1,1.0
667,2019-10-30,autumn,1,10,0,Wednesday,1,2,-0.5677954004633732,0.9490663817633278,0.3259869082175994,1009,2,2.42,1,2,1,2.0
668,2019-10-31,autumn,1,10,0,Thursday,1,2,-0.4444446187366567,0.1925574958044651,-0.1456021940056631,5147,2,2.42,1,2,1,2.0
669,2019-11-01,autumn,1,11,0,Friday,1,2,-0.4183018326303256,-0.2124054441311937,-0.2404552867039287,5520,2,2.26,1,2,1,2.0
670,2019-11-02,autumn,1,11,0,Saturday,0,1,-0.4522877682945384,-0.4962797007562086,0.8670189355103787,5229,2,2.26,1,2,1,2.3
671,2019-11-03,autumn,1,11,0,Sunday,0,2,-0.4888901786512605,-0.6431764340154577,0.911326452472963,4109,2,2.26,1,2,1,2.0
672,2019-11-04,autumn,1,11,0,Monday,1,1,-0.5437922255564323,-0.4446636008589978,-0.0189991121196935,3906,2,2.26,1,1,1,2.3
673,2019-11-05,autumn,1,11,0,Tuesday,1,1,-0.5647051995375678,-0.6292790587708422,0.5632570197241719,4881,2,2.26,1,1,1,2.3
674,2019-11-06,autumn,1,11,0,Wednesday,1,1,-0.684968917598302,-0.2818875560843894,-0.0759353908072588,5220,2,2.26,1,2,1,2.3
675,2019-11-07,autumn,1,11,0,Thursday,1,2,-0.6379100202510121,-0.3751862531756836,1.2530357111056274,4709,2,2.26,1,2,1,2.0
676,2019-11-08,autumn,1,11,0,Friday,1,1,-0.4611536645547678,-1.394844821774619,1.698013844827016,4975,2,2.26,1,2,1,2.3
677,2019-11-09,autumn,1,11,0,Saturday,0,1,-0.4313716570535795,-0.4069496404762839,0.3417499637470076,5283,2,2.26,1,2,1,2.3
678,2019-11-10,autumn,1,11,0,Sunday,0,1,-0.3450970119168813,0.0913167608205504,-1.252997041247001,4446,2,2.26,1,2,1,2.3
679,2019-11-11,autumn,1,11,1,Monday,0,1,-0.2457525423569291,0.1568254716924952,-0.5441764973757921,4562,2,2.26,0,1,1,2.3
680,2019-11-12,autumn,1,11,0,Tuesday,1,1,-0.0444439912846919,0.5498777369241638,-0.0758946856929156,5172,2,2.26,1,1,1,2.3
681,2019-11-13,autumn,1,11,0,Wednesday,1,2,-0.4888901786512605,0.1746914837484801,1.639103368093805,3767,2,2.26,1,2,1,2.0
682,2019-11-14,autumn,1,11,0,Thursday,1,1,-0.6588229942321476,-0.3533516043083292,0.1897875956252177,5122,2,2.26,1,2,1,2.3
683,2019-11-15,autumn,1,11,0,Friday,1,2,-0.5568620499796861,-0.0277899862193494,-0.2848136850594422,5125,2,2.26,1,2,1,2.0
684,2019-11-16,autumn,1,11,0,Saturday,0,1,-0.4836603665260651,-0.4843690260522186,-0.1012539719287356,5214,2,2.26,1,2,1,2.3
685,2019-11-17,autumn,1,11,0,Sunday,0,1,-0.5464055629891184,-0.3851102273390481,-0.01267964311791,4316,2,2.26,1,2,1,2.3
686,2019-11-18,autumn,1,11,0,Monday,1,1,-0.4915035160839466,0.3176195801963596,0.4745911044060742,3747,2,2.26,1,1,1,2.3
687,2019-11-19,autumn,1,11,0,Tuesday,1,2,-0.3712429352830356,-0.0138973752446154,0.5504552612632324,5050,2,2.26,1,1,1,2.0
688,2019-11-20,autumn,1,11,0,Wednesday,1,2,-0.3921559092641712,0.279900855543764,-0.999819371055102,5100,2,2.26,1,2,1,2.0
689,2019-11-21,autumn,1,11,0,Thursday,1,1,-0.4575175804197338,-0.0595533735199497,-0.7909919581958476,4531,2,2.26,1,2,1,2.3
690,2019-11-22,autumn,1,11,0,Friday,1,1,-0.4993466656418284,-0.2183607814831887,-1.3036240272113688,1470,2,2.26,1,2,1,2.3
691,2019-11-23,autumn,1,11,0,Saturday,0,1,-0.4104586830724439,-0.273945518191769,-0.3353490845165376,2307,2,2.26,1,2,1,2.3
692,2019-11-24,autumn,1,11,0,Sunday,0,1,-0.6928120671561837,-1.0560814118437365,1.9934922698443795,1745,2,2.26,1,2,1,2.3
693,2019-11-25,autumn,1,11,0,Monday,1,1,-0.7947730114086453,-0.7523592068919926,-0.310122089902333,2115,2,2.26,1,1,1,2.3
694,2019-11-26,autumn,1,11,0,Tuesday,1,1,-0.5830079733458404,-0.4327529261550079,-1.3669286210379294,4750,2,2.26,1,1,1,2.3
695,2019-11-27,autumn,1,11,0,Wednesday,1,2,-0.6509798446742661,0.764269881595983,0.5758450763348096,3836,2,2.26,1,2,1,2.0
696,2019-11-28,autumn,1,11,1,Thursday,0,1,-0.6352935455585027,-0.5717123857915178,0.3037212106718633,5062,2,2.26,0,2,1,2.3
697,2019-11-29,autumn,1,11,0,Friday,1,1,-0.6848528389848454,-0.3363479251009132,-0.6660679622765353,5080,2,2.26,1,2,1,2.3
698,2019-11-30,autumn,1,11,0,Saturday,0,1,-0.6300668706931304,0.1111647091472787,-1.2466368671308743,5306,2,2.26,1,2,1,2.3
699,2019-12-01,autumn,1,12,0,Sunday,0,2,-0.6300668706931304,0.8595552792279026,-1.2340854451231458,4240,2,1.9,1,2,1,2.0
700,2019-12-02,autumn,1,12,0,Monday,1,2,-0.4758172169681833,0.9389566010745808,-0.5759366628420821,3757,2,1.9,1,1,1,2.0
701,2019-12-03,autumn,1,12,0,Tuesday,1,1,-0.1464049355371538,0.6729531207754325,-0.9998621114251623,5679,2,1.9,1,1,1,2.3
702,2019-12-04,autumn,1,12,0,Wednesday,1,1,-0.0732032520835324,0.5121590122715681,-0.0696668031984042,6055,2,1.9,1,2,1,2.3
703,2019-12-05,autumn,1,12,0,Thursday,1,1,-0.1908504954517574,-0.6729531207754325,1.4556759465847136,5398,2,1.9,1,2,1,2.3
704,2019-12-06,autumn,1,12,0,Friday,1,1,-0.7634004131771186,-0.559801711087528,-0.0633066290822778,5035,2,1.9,1,2,1,2.3
705,2019-12-07,autumn,1,12,0,Saturday,0,2,-0.5594785246721954,0.6570738092600734,-0.5126300337598043,4659,2,1.9,1,2,1,2.0
706,2019-12-08,autumn,1,12,0,Sunday,0,2,-0.3686264605905263,1.357816916254855,-0.809991070315541,4429,2,1.9,1,2,1,2.0
707,2019-12-09,autumn,1,12,0,Monday,1,2,-0.3607833110326446,1.330026930035506,-0.234054407473459,2787,2,1.9,1,1,1,2.0
708,2019-12-10,autumn,1,12,0,Tuesday,1,2,-0.198693645009639,1.4233256271267998,0.0949752080412953,4841,2,1.9,1,1,1,2.0
709,2019-12-11,autumn,1,12,0,Wednesday,1,2,-0.4575175804197338,-0.140941395907254,1.170902966639615,5219,2,1.9,1,2,1,2.0
710,2019-12-12,autumn,1,12,0,Thursday,1,2,-0.6326802081258166,-0.4188603151802739,-0.1835597131307066,5009,2,1.9,1,2,1,2.0
711,2019-12-13,autumn,1,12,0,Friday,1,1,-0.6379100202510121,-0.668984483964063,-0.0696668031984042,5107,2,1.9,1,2,1,2.3
712,2019-12-14,autumn,1,12,0,Saturday,0,1,-0.6823524429057927,0.0794060861165605,-0.5062291545293343,5182,2,1.9,1,2,1,2.3
713,2019-12-15,autumn,1,12,0,Sunday,0,1,-0.5490189004218046,0.1151381102285303,-0.7594047894655164,4280,2,1.9,1,2,1,2.3
714,2019-12-16,autumn,1,12,0,Monday,1,2,-0.4287583196208934,1.0124073498391462,-0.8164733597746971,3248,2,1.9,1,1,1,2.0
715,2019-12-17,autumn,1,12,0,Tuesday,1,2,-0.3320271874936272,1.3379642036582442,-0.841748182898255,4373,2,1.9,1,1,1,2.0
716,2019-12-18,autumn,1,12,0,Wednesday,1,1,-0.2771251405884558,0.1905707952638393,0.4114167669454119,5124,2,1.9,1,2,1,2.3
717,2019-12-19,autumn,1,12,0,Thursday,1,1,-0.5228761143154733,-0.0039686368113695,0.0317194603519464,4934,2,1.9,1,2,1,2.3
718,2019-12-20,autumn,1,12,0,Friday,1,2,-0.530719263873355,0.19851283315646,-0.493671626754454,3814,2,1.9,1,2,1,2.0
719,2019-12-21,winter,1,12,0,Saturday,0,2,-0.5411757508639228,-0.3315121911710933,1.9681736887229024,3402,1,1.9,1,2,1,2.0
720,2019-12-22,winter,1,12,0,Sunday,0,1,-0.732027814945592,-0.8813899280952567,2.3036143597467125,1544,1,1.9,1,2,1,2.3
721,2019-12-23,winter,1,12,0,Monday,1,1,-0.7947730114086453,-0.5280383237869276,-0.4873623340312565,1379,1,1.9,1,1,1,2.3
722,2019-12-24,winter,1,12,0,Tuesday,1,2,-0.8403542593792304,0.786361801036943,-1.055733951372653,746,1,1.9,1,1,1,2.0
723,2019-12-25,winter,1,12,1,Wednesday,0,2,-0.6521186699900704,0.5170805030592569,-0.1246492363974957,573,1,1.9,0,2,1,2.0
724,2019-12-26,winter,1,12,0,Thursday,1,3,-0.8026161609665269,0.9389566010745808,1.3796082641558394,432,1,1.9,1,2,1,1.0
725,2019-12-27,winter,1,12,0,Friday,1,2,-0.7686270880424909,0.1270487849325203,1.7213989330171904,1867,1,1.9,1,2,1,2.0
726,2019-12-28,winter,1,12,0,Saturday,0,2,-0.7712435627350002,-0.1727047832078543,-0.2595358090523088,2451,1,1.9,1,2,1,2.0
727,2019-12-29,winter,1,12,0,Sunday,0,2,-0.7712435627350002,0.6034757730921185,-0.5758959577277388,1182,1,1.9,1,2,1,2.0
728,2019-12-30,winter,1,12,0,Monday,1,1,-0.7634004131771186,-0.680895158668053,1.7277184020189735,1432,1,1.9,1,1,1,2.3
729,2019-12-31,winter,1,12,0,Tuesday,1,2,-0.8888908061032252,-0.2322581567278041,-0.2658959831684352,2290,1,1.9,1,1,1,2.0
